\    ,loc_id ,time_stamp          ,no2  ,w    ,t    ,AQI-IN ,pm10 ,aqi   ,co    ,p      ,pm25 ,wg  ,h    ,o3
  0 ,   359 ,2024-12-05 16:13:03 ,20.0 , 1.0 ,25.0 ,  32.0 ,32.0 , 61.0 ,344.0 ,       ,14.0 ,    ,76.0 ,18.0
  1 ,   359 ,2024-12-05 15:13:03 ,18.0 , 1.0 ,25.0 ,  28.0 ,28.0 , 63.0 ,318.0 ,       ,16.0 ,    ,73.0 ,19.0
  2 ,   359 ,2024-12-05 14:13:03 ,18.0 , 1.0 ,25.0 ,  26.0 ,26.0 , 48.0 ,274.0 ,       , 9.0 ,    ,70.0 ,19.0
  3 ,   359 ,2024-12-05 13:13:03 ,17.0 , 2.0 ,25.0 ,  22.0 ,22.0 , 42.0 ,284.0 ,       , 8.0 ,    ,71.0 ,17.0
  4 ,   359 ,2024-12-05 12:13:03 ,14.0 , 1.0 ,24.0 ,  20.0 ,20.0 , 41.0 ,242.0 ,       , 8.0 ,    ,76.0 ,12.0
  5 ,   359 ,2024-12-05 11:13:03 ,13.0 , 1.0 ,21.0 ,  18.0 ,18.0 , 39.0 ,246.0 ,       , 7.0 ,    ,86.0 ,10.0
  6 ,   359 ,2024-12-05 10:13:03 ,14.0 , 2.0 ,18.0 ,  15.0 ,15.0 , 37.0 ,269.0 ,       , 6.0 ,    ,93.0 , 8.0
  7 ,   359 ,2024-12-05 09:13:03 ,14.0 , 2.0 ,18.0 ,  14.0 ,14.0 , 34.0 ,278.0 ,       , 6.0 ,    ,94.0 , 7.0
  8 ,   359 ,2024-12-05 08:13:03 ,13.0 , 2.0 ,18.0 ,  15.0 ,15.0 , 38.0 ,233.0 ,       , 6.0 ,    ,94.0 , 7.0
  9 ,   359 ,2024-12-05 07:13:03 ,11.0 , 1.0 ,18.0 ,  12.0 ,12.0 , 33.0 ,156.0 ,       , 6.0 ,    ,94.0 , 8.0
 10 ,   359 ,2024-12-05 06:13:03 , 8.0 , 1.0 ,18.0 ,  13.0 ,13.0 , 23.0 ,140.0 ,       , 4.0 ,    ,94.0 , 9.0
 11 ,   359 ,2024-12-05 05:13:03 , 9.0 , 1.0 ,18.0 ,  11.0 ,11.0 , 22.0 , 82.0 ,       , 4.0 ,    ,94.0 ,10.0
 12 ,   359 ,2024-12-05 04:13:03 ,11.0 , 1.0 ,17.0 ,  14.0 ,14.0 , 41.0 ,132.0 ,       , 7.0 ,    ,94.0 , 9.0
 13 ,   359 ,2024-12-05 03:13:03 ,12.0 , 1.0 ,17.0 ,  24.0 ,17.0 , 58.0 ,185.0 ,       ,14.0 ,    ,94.0 , 9.0
 14 ,   359 ,2024-12-05 02:13:03 ,12.0 , 1.0 ,17.0 ,  36.0 ,18.0 , 74.0 ,220.0 ,       ,22.0 ,    ,94.0 ,10.0
 15 ,   359 ,2024-12-05 01:13:02 ,10.0 , 1.0 ,18.0 ,  38.0 ,22.0 , 76.0 ,152.0 ,       ,22.0 ,    ,95.0 ,11.0
 16 ,   359 ,2024-12-05 00:13:03 ,11.0 , 1.0 ,17.0 ,  35.0 ,21.0 , 73.0 ,175.0 ,       ,21.0 ,    ,92.0 ,11.0
 17 ,   359 ,2024-12-04 23:13:02 ,12.0 , 2.0 ,18.0 ,  24.0 ,24.0 , 58.0 ,251.0 ,       ,13.0 ,    ,88.0 ,11.0
 18 ,   359 ,2024-12-04 22:13:02 ,13.0 , 2.0 ,18.0 ,  33.0 ,33.0 , 64.0 ,259.0 ,       ,16.0 ,    ,91.0 ,10.0
 19 ,   359 ,2024-12-04 21:13:03 ,12.0 , 2.0 ,18.0 ,  26.0 ,26.0 , 56.0 ,262.0 ,       ,12.0 ,    ,84.0 ,10.0
 20 ,   359 ,2024-12-04 20:13:03 ,13.0 , 2.0 ,18.0 ,  19.0 ,19.0 , 47.0 ,260.0 ,       , 8.0 ,    ,84.0 ,10.0
 21 ,   359 ,2024-12-04 19:13:03 ,14.0 , 2.0 ,18.0 ,  22.0 ,22.0 , 45.0 ,223.0 ,       , 8.0 ,    ,83.0 ,10.0
 22 ,   359 ,2024-12-04 18:13:03 ,12.0 , 2.0 ,18.0 ,  21.0 ,21.0 , 42.0 ,172.0 ,       , 8.0 ,    ,82.0 ,12.0
 23 ,   359 ,2024-12-04 17:13:02 ,11.0 , 3.0 ,19.0 ,  22.0 ,22.0 , 42.0 ,155.0 ,       , 8.0 ,    ,79.0 ,12.0
 24 ,   359 ,2024-12-04 16:13:03 ,11.0 , 3.0 ,19.0 ,  18.0 ,18.0 , 42.0 ,158.0 ,       , 7.0 ,    ,78.0 ,14.0
 25 ,   359 ,2024-12-04 15:13:03 ,11.0 , 3.0 ,20.0 ,  20.0 ,20.0 , 36.0 ,160.0 ,       , 6.0 ,    ,79.0 ,16.0
 26 ,   359 ,2024-12-04 14:13:03 ,10.0 , 3.0 ,19.0 ,  20.0 ,20.0 , 33.0 ,176.0 ,       , 6.0 ,    ,82.0 ,16.0
 27 ,   359 ,2024-12-04 13:13:03 ,12.0 , 2.0 ,19.0 ,  18.0 ,18.0 , 28.0 ,219.0 ,       , 5.0 ,    ,80.0 ,13.0
 28 ,   359 ,2024-12-04 12:13:03 ,13.0 , 2.0 ,18.0 ,  18.0 ,18.0 , 28.0 ,239.0 ,       , 5.0 ,    ,84.0 ,13.0
 29 ,   359 ,2024-12-04 11:13:03 ,14.0 , 2.0 ,19.0 ,  14.0 ,13.0 , 22.0 ,224.0 ,       , 4.0 ,    ,80.0 ,14.0
 30 ,   359 ,2024-12-04 10:13:03 ,12.0 , 3.0 ,18.0 ,  14.0 ,12.0 , 21.0 ,180.0 ,       , 4.0 ,    ,86.0 ,14.0
 31 ,   359 ,2024-12-04 09:13:03 ,12.0 , 3.0 ,18.0 ,  13.0 ,12.0 , 22.0 ,165.0 ,       , 4.0 ,    ,90.0 ,13.0
 32 ,   359 ,2024-12-04 08:13:03 , 9.0 , 2.0 ,18.0 ,  14.0 ,12.0 , 26.0 ,116.0 ,       , 4.0 ,    ,92.0 ,14.0
 33 ,   359 ,2024-12-04 07:13:02 , 7.0 , 2.0 ,18.0 ,  16.0 ,11.0 , 19.0 , 62.0 ,       , 4.0 ,    ,90.0 ,16.0
 34 ,   359 ,2024-12-04 06:13:03 , 6.0 , 3.0 ,17.0 ,  17.0 ,10.0 , 18.0 , 36.0 ,       , 3.0 ,    ,94.0 ,17.0
 35 ,   359 ,2024-12-04 05:13:03 , 6.0 , 3.0 ,18.0 ,  17.0 ,12.0 , 23.0 , 75.0 ,       , 4.0 ,    ,94.0 ,17.0
 36 ,   359 ,2024-12-04 04:13:03 , 6.0 , 2.0 ,18.0 ,  18.0 ,12.0 , 22.0 ,106.0 ,       , 4.0 ,    ,94.0 ,18.0
 37 ,   359 ,2024-12-04 03:13:02 , 7.0 , 2.0 ,18.0 ,  18.0 ,13.0 , 24.0 ,112.0 ,       , 4.0 ,    ,94.0 ,18.0
 38 ,   359 ,2024-12-04 02:13:03 , 8.0 , 2.0 ,18.0 ,  16.0 ,11.0 , 20.0 ,110.0 ,       , 4.0 ,    ,94.0 ,16.0
 39 ,   359 ,2024-12-04 01:13:03 ,10.0 , 2.0 ,19.0 ,  15.0 ,10.0 , 18.0 ,123.0 ,       , 3.0 ,    ,92.0 ,15.0
 40 ,   359 ,2024-12-04 00:13:03 , 9.0 , 2.0 ,20.0 ,  16.0 ,11.0 , 20.0 ,145.0 ,       , 4.0 ,    ,88.0 ,16.0
 41 ,   359 ,2024-12-03 23:13:03 ,10.0 , 2.0 ,20.0 ,  15.0 ,12.0 , 22.0 ,150.0 ,       , 4.0 ,    ,90.0 ,15.0
 42 ,   359 ,2024-12-03 22:13:02 ,10.0 , 3.0 ,20.0 ,  16.0 ,13.0 , 25.0 ,157.0 ,       , 4.0 ,    ,94.0 ,16.0
 43 ,   359 ,2024-12-03 21:13:03 ,12.0 , 3.0 ,21.0 ,  16.0 ,15.0 , 16.0 ,222.0 ,       , 2.0 ,    ,87.0 ,16.0
 44 ,   359 ,2024-12-03 20:13:03 ,11.0 , 3.0 ,22.0 ,  15.0 ,13.0 , 18.0 ,230.0 ,       , 3.0 ,    ,84.0 ,15.0
 45 ,   359 ,2024-12-03 19:13:03 ,12.0 , 2.0 ,22.0 ,  15.0 ,12.0 , 20.0 ,233.0 ,       , 4.0 ,    ,84.0 ,15.0
 46 ,   359 ,2024-12-03 18:13:03 ,13.0 , 2.0 ,22.0 ,  14.0 ,11.0 , 24.0 ,229.0 ,       , 4.0 ,    ,86.0 ,14.0
 47 ,   359 ,2024-12-03 17:13:02 ,14.0 , 2.0 ,22.0 ,  17.0 ,12.0 , 23.0 ,295.0 ,       , 4.0 ,    ,89.0 ,17.0
 48 ,   359 ,2024-12-03 16:13:03 ,13.0 , 2.0 ,22.0 ,  17.0 ,15.0 , 33.0 ,254.0 ,       , 6.0 ,    ,93.0 ,17.0
 49 ,   359 ,2024-12-03 15:13:03 ,15.0 , 1.0 ,23.0 ,  31.0 ,20.0 , 68.0 ,398.0 ,       ,18.0 ,    ,88.0 ,13.0
 50 ,   359 ,2024-12-03 14:13:03 ,16.0 , 1.0 ,23.0 ,  30.0 ,20.0 , 67.0 ,401.0 ,       ,18.0 ,    ,84.0 ,12.0
 51 ,   359 ,2024-12-03 13:13:03 ,19.0 , 2.0 ,23.0 ,  26.0 ,25.0 , 60.0 ,450.0 ,       ,14.0 ,    ,85.0 , 8.0
 52 ,   359 ,2024-12-03 12:13:03 ,22.0 , 1.0 ,22.0 ,  24.0 ,22.0 , 53.0 ,503.0 ,       ,12.0 ,    ,88.0 , 8.0
 53 ,   359 ,2024-12-03 11:13:03 ,18.0 , 1.0 ,21.0 ,  19.0 ,19.0 , 38.0 ,429.0 ,       , 7.0 ,    ,88.0 , 9.0
 54 ,   359 ,2024-12-03 10:13:03 ,14.0 , 1.0 ,22.0 ,  17.0 ,17.0 , 30.0 ,372.0 ,       , 5.0 ,    ,83.0 ,11.0
 55 ,   359 ,2024-12-03 09:13:03 ,16.0 , 1.0 ,23.0 ,  17.0 ,17.0 , 34.0 ,419.0 ,       , 6.0 ,    ,80.0 ,10.0
 56 ,   359 ,2024-12-03 08:13:03 ,16.0 , 2.0 ,22.0 ,  14.0 ,14.0 , 30.0 ,357.0 ,       , 6.0 ,    ,83.0 , 8.0
 57 ,   359 ,2024-12-03 07:13:03 ,16.0 , 1.0 ,22.0 ,  14.0 ,14.0 , 26.0 ,242.0 ,       , 4.0 ,    ,87.0 , 9.0
 58 ,   359 ,2024-12-03 06:13:03 ,17.0 , 1.0 ,22.0 ,  13.0 ,13.0 , 23.0 ,216.0 ,       , 4.0 ,    ,94.0 ,10.0
 59 ,   359 ,2024-12-03 05:13:03 ,12.0 , 1.0 ,22.0 ,  16.0 ,16.0 , 30.0 ,212.0 ,       , 5.0 ,    ,92.0 ,12.0
 60 ,   359 ,2024-12-03 04:13:03 ,14.0 , 2.0 ,22.0 ,  15.0 ,15.0 , 26.0 ,220.0 ,       , 5.0 ,    ,88.0 ,14.0
 61 ,   359 ,2024-12-03 03:13:03 ,12.0 , 4.0 ,22.0 ,  15.0 ,14.0 , 26.0 ,235.0 ,       , 5.0 ,    ,88.0 ,14.0
 62 ,   359 ,2024-12-03 02:13:03 ,12.0 , 1.0 ,22.0 ,  12.0 ,11.0 , 32.0 ,233.0 ,       , 6.0 ,    ,90.0 ,12.0
 63 ,   359 ,2024-12-03 01:13:03 ,13.0 , 1.0 ,22.0 ,  16.0 ,12.0 , 35.0 ,248.0 ,       , 7.0 ,    ,94.0 ,13.0
 64 ,   359 ,2024-12-03 00:13:03 ,14.0 , 1.0 ,21.0 ,  22.0 ,21.0 , 44.0 ,302.0 ,       , 8.0 ,    ,91.0 ,14.0
 65 ,   359 ,2024-12-02 23:13:03 ,16.0 , 2.0 ,22.0 ,  20.0 ,20.0 , 46.0 ,327.0 ,       , 8.0 ,    ,85.0 ,12.0
 66 ,   359 ,2024-12-02 22:13:03 ,20.0 , 2.0 ,24.0 ,  20.0 ,20.0 , 41.0 ,388.0 ,       , 7.0 ,    ,85.0 ,10.0
 67 ,   359 ,2024-12-02 21:13:03 ,22.0 , 1.0 ,24.0 ,  19.0 ,19.0 , 37.0 ,389.0 ,       , 6.0 ,    ,83.0 ,10.0
 68 ,   359 ,2024-12-02 20:13:03 ,22.0 , 1.0 ,24.0 ,  17.0 ,16.0 , 36.0 ,408.0 ,       , 6.0 ,    ,87.0 ,11.0
 69 ,   359 ,2024-12-02 19:13:03 ,22.0 , 1.0 ,24.0 ,  23.0 ,23.0 , 40.0 ,405.0 ,       , 7.0 ,    ,79.0 ,14.0
 70 ,   359 ,2024-12-02 18:13:02 ,24.0 , 1.0 ,25.0 ,  26.0 ,26.0 , 39.0 ,384.0 ,       , 7.0 ,    ,76.0 ,16.0
 71 ,   359 ,2024-12-02 17:13:02 ,20.0 , 2.0 ,26.0 ,  33.0 ,33.0 , 47.0 ,344.0 ,       , 8.0 ,    ,85.0 ,23.0
 72 ,   359 ,2024-12-02 16:13:03 ,16.0 , 1.0 ,26.0 ,  29.0 ,26.0 , 41.0 ,302.0 ,       , 8.0 ,    ,76.0 ,29.0
 73 ,   359 ,2024-12-02 15:13:03 ,14.0 , 2.0 ,28.0 ,  32.0 ,28.0 , 49.0 ,300.0 ,       , 9.0 ,    ,66.0 ,30.0
 74 ,   359 ,2024-12-02 14:13:03 ,15.0 , 1.0 ,29.0 ,  34.0 ,23.0 , 52.0 ,308.0 ,       ,11.0 ,    ,63.0 ,34.0
 75 ,   359 ,2024-12-02 13:13:03 ,14.0 , 1.0 ,30.0 ,  31.0 ,21.0 , 57.0 ,320.0 ,       ,12.0 ,    ,58.0 ,31.0
 76 ,   359 ,2024-12-02 12:13:02 ,14.0 , 1.0 ,30.0 ,  31.0 ,24.0 , 56.0 ,291.0 ,       ,12.0 ,    ,61.0 ,31.0
 77 ,   359 ,2024-12-02 11:13:03 ,14.0 , 2.0 ,29.0 ,  25.0 ,22.0 , 54.0 ,294.0 ,       ,10.0 ,    ,62.0 ,25.0
 78 ,   359 ,2024-12-02 10:13:03 ,12.0 , 2.0 ,28.0 ,  29.0 ,22.0 , 56.0 ,304.0 ,       ,14.0 ,    ,64.0 ,22.0
 79 ,   359 ,2024-12-02 09:13:03 ,13.0 , 2.0 ,26.0 ,  20.0 ,19.0 , 36.0 ,306.0 ,       , 6.0 ,    ,72.0 ,18.0
 80 ,   359 ,2024-12-02 08:13:03 ,15.0 , 2.0 ,25.0 ,  21.0 ,21.0 , 46.0 ,411.0 ,       , 8.0 ,    ,76.0 ,12.0
 81 ,   359 ,2024-12-02 07:13:03 ,18.0 , 1.0 ,23.0 ,  22.0 ,22.0 , 54.0 ,451.0 ,       ,11.0 ,    ,83.0 , 9.0
 82 ,   359 ,2024-12-02 06:13:03 ,16.0 , 1.0 ,23.0 ,  29.0 ,29.0 , 52.0 ,314.0 ,       ,10.0 ,    ,86.0 , 8.0
 83 ,   359 ,2024-12-02 05:13:03 ,17.0 , 1.0 ,22.0 ,  26.0 ,26.0 , 50.0 ,289.0 ,       , 9.0 ,    ,88.0 , 6.0
 84 ,   359 ,2024-12-02 04:13:03 ,15.0 , 1.0 ,23.0 ,  20.0 ,20.0 , 44.0 ,256.0 ,       , 8.0 ,    ,84.0 , 8.0
 85 ,   359 ,2024-12-02 03:13:03 ,16.0 , 1.0 ,23.0 ,  17.0 ,17.0 , 45.0 ,254.0 ,       , 8.0 ,    ,83.0 , 7.0
 86 ,   359 ,2024-12-02 02:13:03 ,15.0 , 1.0 ,23.0 ,  23.0 ,22.0 , 46.0 ,282.0 ,       , 9.0 ,    ,82.0 ,10.0
 87 ,   359 ,2024-12-02 01:13:03 ,15.0 , 1.0 ,23.0 ,  39.0 ,22.0 , 78.0 ,288.0 ,       ,24.0 ,    ,79.0 ,11.0
 88 ,   359 ,2024-12-02 00:13:02 ,14.0 , 1.0 ,22.0 ,  22.0 ,22.0 , 52.0 ,346.0 ,       ,10.0 ,    ,81.0 ,10.0
 89 ,   359 ,2024-12-01 23:13:03 ,12.0 , 1.0 ,22.0 ,  20.0 ,16.0 , 56.0 ,269.0 ,       ,12.0 ,    ,79.0 ,14.0
 90 ,   359 ,2024-12-01 22:13:03 ,10.0 , 1.0 ,23.0 ,  44.0 ,39.0 , 83.0 ,314.0 ,       ,26.0 ,    ,80.0 ,16.0
 91 ,   359 ,2024-12-01 21:13:03 ,10.0 , 1.0 ,22.0 ,  30.0 ,30.0 , 67.0 ,240.0 ,       ,18.0 ,    ,80.0 ,18.0
 92 ,   359 ,2024-12-01 20:13:03 ,10.0 , 1.0 ,22.0 ,  28.0 ,26.0 , 66.0 ,239.0 ,       ,17.0 ,    ,77.0 ,18.0
 93 ,   359 ,2024-12-01 19:13:03 , 8.0 , 2.0 ,23.0 ,  40.0 ,34.0 , 71.0 ,232.0 ,       ,20.0 ,    ,74.0 ,40.0
 94 ,   359 ,2024-12-01 18:13:03 , 8.0 , 2.0 ,24.0 ,  37.0 ,34.0 , 73.0 ,236.0 ,       ,21.0 ,    ,72.0 ,36.0
 95 ,   359 ,2024-12-01 17:13:03 , 8.0 , 4.0 ,26.0 ,  39.0 ,35.0 , 75.0 ,248.0 ,       ,22.0 ,    ,65.0 ,39.0
 96 ,   359 ,2024-12-01 16:13:03 , 9.0 , 4.0 ,28.0 ,  38.0 ,32.0 , 74.0 ,242.0 ,       ,21.0 ,    ,58.0 ,38.0
 97 ,   359 ,2024-12-01 15:13:03 , 9.0 , 2.0 ,30.0 ,  39.0 ,28.0 , 63.0 ,230.0 ,       ,16.0 ,    ,49.0 ,38.0
 98 ,   359 ,2024-12-01 14:13:03 , 8.0 , 3.0 ,30.0 ,  40.0 ,19.0 , 50.0 ,212.0 ,       , 9.0 ,    ,53.0 ,40.0
 99 ,   359 ,2024-12-01 13:13:02 , 9.0 , 2.0 ,28.0 ,  40.0 ,20.0 , 46.0 ,180.0 ,       , 8.0 ,    ,57.0 ,40.0
100 ,   359 ,2024-12-01 12:13:03 , 8.0 , 1.0 ,26.0 ,  34.0 ,19.0 , 46.0 ,141.0 ,       , 8.0 ,    ,64.0 ,34.0
101 ,   359 ,2024-12-01 11:13:03 , 7.0 , 1.0 ,25.0 ,  26.0 ,12.0 , 25.0 ,146.0 ,       , 4.0 ,    ,69.0 ,26.0
102 ,   359 ,2024-12-01 10:13:03 , 8.0 , 1.0 ,24.0 ,  24.0 ,14.0 , 23.0 ,134.0 ,       , 4.0 ,    ,72.0 ,24.0
103 ,   359 ,2024-12-01 09:13:03 , 8.0 , 1.0 ,24.0 ,  23.0 ,11.0 , 22.0 ,133.0 ,       , 4.0 ,    ,75.0 ,23.0
104 ,   359 ,2024-12-01 08:13:03 , 7.0 , 2.0 ,21.0 ,  22.0 ,14.0 , 21.0 ,138.0 ,       , 4.0 ,    ,83.0 ,22.0
105 ,   359 ,2024-12-01 07:13:02 , 7.0 , 2.0 ,20.0 ,  21.0 ,12.0 , 19.0 ,144.0 ,       , 2.0 ,    ,88.0 ,21.0
106 ,   359 ,2024-12-01 06:13:02 , 7.0 , 1.0 ,20.0 ,  22.0 ,14.0 , 26.0 ,154.0 ,       , 5.0 ,    ,88.0 ,22.0
107 ,   359 ,2024-12-01 05:13:03 , 7.0 , 1.0 ,21.0 ,  20.0 ,12.0 , 25.0 ,160.0 ,       , 5.0 ,    ,88.0 ,20.0
108 ,   359 ,2024-12-01 04:13:03 , 9.0 , 2.0 ,21.0 ,  18.0 ,16.0 , 42.0 ,234.0 ,       , 8.0 ,    ,89.0 ,18.0
109 ,   359 ,2024-12-01 03:13:03 , 9.0 , 2.0 ,21.0 ,  18.0 ,14.0 , 48.0 ,239.0 ,       , 9.0 ,    ,87.0 ,18.0
110 ,   359 ,2024-12-01 02:13:03 , 9.0 , 2.0 ,21.0 ,  20.0 ,18.0 , 51.0 ,268.0 ,       ,10.0 ,    ,88.0 ,20.0
111 ,   359 ,2024-12-01 01:13:02 , 9.0 , 1.0 ,21.0 ,  22.0 ,21.0 , 54.0 ,276.0 ,       ,11.0 ,    ,88.0 ,21.0
112 ,   359 ,2024-12-01 00:13:03 , 9.0 , 1.0 ,21.0 ,  21.0 ,20.0 , 55.0 ,270.0 ,       ,11.0 ,    ,89.0 ,21.0
113 ,   359 ,2024-11-30 23:13:02 ,10.0 , 1.0 ,21.0 ,  22.0 ,22.0 , 54.0 ,276.0 ,       ,11.0 ,    ,88.0 ,20.0
114 ,   359 ,2024-11-30 22:13:03 ,11.0 , 1.0 ,22.0 ,  21.0 ,19.0 , 46.0 ,274.0 ,       , 9.0 ,    ,87.0 ,20.0
115 ,   359 ,2024-11-30 21:13:03 , 9.0 , 2.0 ,21.0 ,  22.0 ,19.0 , 44.0 ,242.0 ,       , 8.0 ,    ,88.0 ,22.0
116 ,   359 ,2024-11-30 20:13:03 ,10.0 , 1.0 ,21.0 ,  22.0 ,17.0 , 49.0 ,258.0 ,       , 9.0 ,    ,88.0 ,21.0
117 ,   359 ,2024-11-30 19:13:03 ,10.0 , 2.0 ,22.0 ,  22.0 ,14.0 , 37.0 ,255.0 ,       , 6.0 ,    ,86.0 ,22.0
118 ,   359 ,2024-11-30 18:13:02 ,10.0 , 1.0 ,24.0 ,  26.0 ,20.0 , 44.0 ,260.0 ,       , 8.0 ,    ,82.0 ,26.0
119 ,   359 ,2024-11-30 17:13:03 ,10.0 , 2.0 ,24.0 ,  26.0 ,20.0 , 50.0 ,265.0 ,       ,10.0 ,    ,77.0 ,26.0
120 ,   359 ,2024-11-30 16:13:03 ,10.0 , 2.0 ,25.0 ,  34.0 ,34.0 , 60.0 ,316.0 ,       ,14.0 ,    ,74.0 ,32.0
121 ,   359 ,2024-11-30 15:13:03 ,14.0 , 2.0 ,26.0 ,  37.0 ,24.0 , 52.0 ,352.0 ,       ,10.0 ,    ,70.0 ,37.0
122 ,   359 ,2024-11-30 14:13:03 ,18.0 , 2.0 ,28.0 ,  30.0 ,26.0 , 54.0 ,361.0 ,       ,11.0 ,    ,59.0 ,30.0
123 ,   359 ,2024-11-30 13:13:03 ,16.0 , 2.0 ,28.0 ,  28.0 ,23.0 , 50.0 ,343.0 ,       ,10.0 ,    ,60.0 ,28.0
124 ,   359 ,2024-11-30 12:13:03 ,18.0 , 2.0 ,28.0 ,  25.0 ,24.0 , 54.0 ,361.0 ,       ,11.0 ,    ,65.0 ,22.0
125 ,   359 ,2024-11-30 11:13:03 ,18.0 , 1.0 ,25.0 ,  24.0 ,24.0 , 53.0 ,386.0 ,       ,10.0 ,    ,74.0 ,17.0
126 ,   359 ,2024-11-30 10:13:03 ,15.0 , 2.0 ,24.0 ,  20.0 ,20.0 , 41.0 ,402.0 ,       , 8.0 ,    ,76.0 ,14.0
127 ,   359 ,2024-11-30 09:13:03 ,16.0 , 1.0 ,24.0 ,  23.0 ,23.0 , 46.0 ,388.0 ,       , 8.0 ,    ,82.0 ,12.0
128 ,   359 ,2024-11-30 08:13:03 ,16.0 , 1.0 ,22.0 ,  23.0 ,23.0 , 50.0 ,359.0 ,       , 9.0 ,    ,90.0 , 9.0
129 ,   359 ,2024-11-30 07:13:03 ,18.0 , 1.0 ,21.0 ,  20.0 ,20.0 , 49.0 ,370.0 ,       , 9.0 ,    ,93.0 , 8.0
130 ,   359 ,2024-11-30 06:13:03 ,20.0 , 1.0 ,21.0 ,  28.0 ,28.0 , 60.0 ,436.0 ,       ,14.0 ,    ,93.0 , 8.0
131 ,   359 ,2024-11-30 05:13:03 ,20.0 , 1.0 ,22.0 ,  26.0 ,26.0 , 58.0 ,389.0 ,       ,13.0 ,    ,87.0 ,10.0
132 ,   359 ,2024-11-30 04:13:03 ,18.0 , 1.0 ,23.0 ,  28.0 ,28.0 , 54.0 ,394.0 ,       ,11.0 ,    ,84.0 ,12.0
133 ,   359 ,2024-11-30 03:13:03 ,20.0 , 1.0 ,22.0 ,  28.0 ,28.0 , 47.0 ,364.0 ,       , 8.0 ,    ,84.0 ,13.0
134 ,   359 ,2024-11-30 02:13:03 ,20.0 , 1.0 ,23.0 ,  24.0 ,24.0 , 50.0 ,367.0 ,       ,10.0 ,    ,86.0 ,15.0
135 ,   359 ,2024-11-30 01:13:03 ,22.0 , 1.0 ,22.0 ,  24.0 ,24.0 , 54.0 ,435.0 ,       ,11.0 ,    ,89.0 ,13.0
136 ,   359 ,2024-11-30 00:13:03 ,24.0 , 2.0 ,24.0 ,  26.0 ,26.0 , 60.0 ,458.0 ,       ,14.0 ,    ,76.0 ,14.0
137 ,   359 ,2024-11-29 23:13:03 ,26.0 , 1.0 ,24.0 ,  27.0 ,27.0 , 58.0 ,522.0 ,       ,13.0 ,    ,78.0 ,12.0
138 ,   359 ,2024-11-29 22:13:03 ,25.0 , 1.0 ,23.0 ,  25.0 ,25.0 , 54.0 ,450.0 ,       ,11.0 ,    ,84.0 ,14.0
139 ,   359 ,2024-11-29 21:13:03 ,23.0 , 1.0 ,24.0 ,  26.0 ,26.0 , 52.0 ,412.0 ,       ,10.0 ,    ,69.0 ,20.0
140 ,   359 ,2024-11-29 20:13:02 ,26.0 , 1.0 ,25.0 ,  24.0 ,24.0 , 54.0 ,530.0 ,       ,10.0 ,    ,66.0 ,21.0
141 ,   359 ,2024-11-29 19:13:02 ,21.0 , 1.0 ,26.0 ,  27.0 ,26.0 , 50.0 ,406.0 ,       , 9.0 ,    ,64.0 ,26.0
142 ,   359 ,2024-11-29 18:13:03 ,19.0 , 1.0 ,26.0 ,  30.0 ,23.0 , 52.0 ,338.0 ,       ,10.0 ,    ,60.0 ,30.0
143 ,   359 ,2024-11-29 17:13:03 ,16.0 , 1.0 ,27.0 ,  32.0 ,22.0 , 44.0 ,307.0 ,       , 8.0 ,    ,59.0 ,32.0
144 ,   359 ,2024-11-29 16:13:03 ,16.0 , 2.0 ,26.0 ,  26.0 ,26.0 , 55.0 ,369.0 ,       ,11.0 ,    ,62.0 ,24.0
145 ,   359 ,2024-11-29 15:13:02 ,15.0 , 1.0 ,25.0 ,  24.0 ,23.0 , 54.0 ,310.0 ,       ,11.0 ,    ,64.0 ,23.0
146 ,   359 ,2024-11-29 14:13:03 ,15.0 , 4.0 ,26.0 ,  25.0 ,25.0 , 57.0 ,334.0 ,       ,12.0 ,    ,67.0 ,20.0
147 ,   359 ,2024-11-29 13:13:03 ,15.0 , 3.0 ,26.0 ,  24.0 ,24.0 , 56.0 ,385.0 ,       ,12.0 ,    ,66.0 ,18.0
148 ,   359 ,2024-11-29 12:13:03 ,16.0 , 2.0 ,28.0 ,  28.0 ,28.0 , 56.0 ,323.0 ,       ,12.0 ,    ,64.0 ,17.0
149 ,   359 ,2024-11-29 11:13:03 ,17.0 , 2.0 ,26.0 ,  23.0 ,22.0 , 33.0 ,317.0 ,       , 6.0 ,    ,88.0 ,16.0
150 ,   359 ,2024-11-29 10:13:03 ,18.0 , 3.0 ,25.0 ,  24.0 ,24.0 , 39.0 ,351.0 ,       , 7.0 ,    ,86.0 ,14.0
151 ,   359 ,2024-11-29 09:13:03 ,18.0 , 2.0 ,23.0 ,  23.0 ,23.0 , 40.0 ,338.0 ,       , 7.0 ,    ,79.0 ,12.0
152 ,   359 ,2024-11-29 08:13:03 ,19.0 , 1.0 ,22.0 ,  23.0 ,23.0 , 37.0 ,292.0 ,       , 7.0 ,    ,84.0 ,10.0
153 ,   359 ,2024-11-29 07:13:03 ,20.0 , 1.0 ,22.0 ,  20.0 ,20.0 , 37.0 ,244.0 ,       , 6.0 ,    ,87.0 ,10.0
154 ,   359 ,2024-11-29 06:13:03 ,16.0 , 1.0 ,22.0 ,  20.0 ,18.0 , 53.0 ,245.0 ,       ,10.0 ,    ,84.0 ,11.0
155 ,   359 ,2024-11-29 05:13:03 ,15.0 , 1.0 ,21.0 ,  21.0 ,21.0 , 55.0 ,228.0 ,       ,11.0 ,    ,88.0 ,12.0
156 ,   359 ,2024-11-29 04:13:02 ,17.0 , 1.0 ,22.0 ,  21.0 ,21.0 , 54.0 ,214.0 ,       ,11.0 ,    ,88.0 ,13.0
157 ,   359 ,2024-11-29 03:13:02 ,18.0 , 1.0 ,22.0 ,  24.0 ,19.0 , 59.0 ,234.0 ,       ,14.0 ,    ,88.0 ,12.0
158 ,   359 ,2024-11-29 02:13:04 ,20.0 , 1.0 ,22.0 ,  24.0 ,19.0 , 59.0 ,348.0 ,       ,14.0 ,    ,90.0 ,10.0
159 ,   359 ,2024-11-29 01:13:03 ,21.0 , 1.0 ,21.0 ,  22.0 ,22.0 , 48.0 ,393.0 ,       ,10.0 ,    ,90.0 ,10.0
160 ,   359 ,2024-11-29 00:13:03 ,24.0 , 2.0 ,21.0 ,  20.0 ,20.0 , 40.0 ,416.0 ,       , 8.0 ,    ,84.0 ,10.0
161 ,   359 ,2024-11-28 23:13:03 ,25.0 , 1.0 ,22.0 ,  22.0 ,22.0 , 42.0 ,446.0 ,       , 8.0 ,    ,87.0 ,11.0
162 ,   359 ,2024-11-28 22:13:03 ,24.0 , 1.0 ,22.0 ,  22.0 ,22.0 , 48.0 ,419.0 ,       , 9.0 ,    ,91.0 ,11.0
163 ,   359 ,2024-11-28 21:13:03 ,23.0 , 1.0 ,21.0 ,  19.0 ,18.0 , 50.0 ,449.0 ,       , 9.0 ,    ,87.0 ,13.0
164 ,   359 ,2024-11-28 20:13:03 ,23.0 , 1.0 ,22.0 ,  34.0 ,34.0 , 64.0 ,421.0 ,       ,16.0 ,    ,83.0 ,16.0
165 ,   359 ,2024-11-28 19:13:03 ,22.0 , 1.0 ,23.0 ,  51.0 ,48.0 , 84.0 ,359.0 ,       ,26.0 ,    ,76.0 ,20.0
166 ,   359 ,2024-11-28 18:13:02 ,24.0 , 1.0 ,25.0 ,  38.0 ,38.0 , 64.0 ,326.0 ,       ,16.0 ,    ,68.0 ,26.0
167 ,   359 ,2024-11-28 17:13:03 ,26.0 , 1.0 ,26.0 ,  40.0 ,40.0 , 57.0 ,252.0 ,       ,12.0 ,    ,67.0 ,32.0
168 ,   359 ,2024-11-28 16:13:02 ,21.0 , 2.0 ,30.0 ,  40.0 ,36.0 , 58.0 ,254.0 ,       ,13.0 ,    ,43.0 ,38.0
169 ,   359 ,2024-11-28 15:13:03 ,17.0 , 2.0 ,31.0 ,  38.0 ,33.0 , 59.0 ,234.0 ,       ,14.0 ,    ,42.0 ,34.0
170 ,   359 ,2024-11-28 14:13:03 ,14.0 , 2.0 ,32.0 ,  35.0 ,32.0 , 49.0 ,248.0 ,       , 9.0 ,    ,43.0 ,35.0
171 ,   359 ,2024-11-28 13:13:03 ,14.0 , 2.0 ,31.0 ,  36.0 ,36.0 , 52.0 ,245.0 ,       ,10.0 ,    ,44.0 ,34.0
172 ,   359 ,2024-11-28 12:13:02 ,18.0 , 2.0 ,30.0 ,  47.0 ,47.0 , 60.0 ,253.0 ,       ,14.0 ,    ,46.0 ,34.0
173 ,   359 ,2024-11-28 11:13:03 ,18.0 , 4.0 ,30.0 ,  40.0 ,40.0 , 64.0 ,309.0 ,       ,16.0 ,    ,46.0 ,32.0
174 ,   359 ,2024-11-28 10:13:03 ,16.0 , 2.0 ,28.0 ,  34.0 ,34.0 , 52.0 ,259.0 ,       ,10.0 ,    ,47.0 ,26.0
175 ,   359 ,2024-11-28 09:13:02 ,33.0 , 1.0 ,27.0 ,  56.0 ,54.0 , 93.0 ,504.0 ,       ,32.0 ,    ,48.0 ,10.0
176 ,   359 ,2024-11-28 08:13:03 ,34.0 , 1.0 ,26.0 ,  62.0 ,62.0 , 98.0 ,473.0 ,       ,34.0 ,    ,54.0 , 8.0
177 ,   359 ,2024-11-28 07:13:02 ,32.0 , 1.0 ,24.0 ,  66.0 ,66.0 , 92.0 ,500.0 ,       ,32.0 ,    ,62.0 , 6.0
178 ,   359 ,2024-11-28 06:13:03 ,35.0 , 1.0 ,24.0 ,  79.0 ,80.0 , 98.0 ,469.0 ,       ,34.0 ,    ,59.0 , 7.0
179 ,   359 ,2024-11-28 05:13:03 ,40.0 , 1.0 ,24.0 ,  68.0 ,66.0 ,114.0 ,571.0 ,       ,41.0 ,    ,60.0 , 7.0
180 ,   359 ,2024-11-28 04:13:03 ,35.0 , 1.0 ,22.0 ,  83.0 ,66.0 ,136.0 ,698.0 ,       ,50.0 ,    ,70.0 , 6.0
181 ,   359 ,2024-11-28 03:13:03 ,36.0 , 1.0 ,22.0 ,  74.0 ,65.0 ,110.0 ,744.0 ,       ,38.0 ,    ,72.0 , 8.0
182 ,   359 ,2024-11-28 02:13:02 ,43.0 , 1.0 ,23.0 ,  55.0 ,55.0 , 60.0 ,737.0 ,       ,13.0 ,    ,67.0 , 6.0
183 ,   359 ,2024-11-28 01:13:03 ,36.0 , 1.0 ,23.0 ,  47.0 ,47.0 , 59.0 ,687.0 ,       ,14.0 ,    ,62.0 , 8.0
184 ,   359 ,2024-11-28 00:13:03 ,35.0 , 1.0 ,24.0 ,  45.0 ,45.0 , 64.0 ,555.0 ,       ,16.0 ,    ,62.0 ,12.0
185 ,   359 ,2024-11-27 23:13:03 ,41.0 , 1.0 ,24.0 ,  44.0 ,44.0 , 65.0 ,586.0 ,       ,17.0 ,    ,60.0 ,12.0
186 ,   359 ,2024-11-27 22:13:03 ,38.0 , 1.0 ,26.0 ,  40.0 ,40.0 , 63.0 ,581.0 ,       ,16.0 ,    ,50.0 ,15.0
187 ,   359 ,2024-11-27 21:13:03 ,30.0 , 2.0 ,27.0 ,  38.0 ,36.0 , 56.0 ,425.0 ,       ,12.0 ,    ,46.0 ,35.0
188 ,   359 ,2024-11-27 20:13:03 ,24.0 , 1.0 ,27.0 ,  41.0 ,38.0 , 56.0 ,341.0 ,       ,12.0 ,    ,59.0 ,40.0
189 ,   359 ,2024-11-27 19:13:03 ,22.0 , 1.0 ,28.0 ,  42.0 ,34.0 , 53.0 ,319.0 ,       ,10.0 ,    ,64.0 ,42.0
190 ,   359 ,2024-11-27 18:13:03 ,18.0 , 2.0 ,30.0 ,  42.0 ,36.0 , 56.0 ,302.0 ,       ,12.0 ,    ,38.0 ,40.0
191 ,   359 ,2024-11-27 17:13:03 ,16.0 , 2.0 ,32.0 ,  42.0 ,32.0 , 54.0 ,221.0 ,       ,11.0 ,    ,35.0 ,42.0
192 ,   359 ,2024-11-27 16:13:03 ,18.0 , 2.0 ,31.0 ,  42.0 ,32.0 , 53.0 ,238.0 ,       ,11.0 ,    ,34.0 ,42.0
193 ,   359 ,2024-11-27 15:13:03 ,14.0 , 4.0 ,32.0 ,  32.0 ,27.0 , 50.0 ,222.0 ,       , 9.0 ,    ,33.0 ,31.0
194 ,   359 ,2024-11-27 14:13:03 ,12.0 , 4.0 ,32.0 ,  40.0 ,29.0 , 55.0 ,205.0 ,       ,12.0 ,    ,34.0 ,40.0
195 ,   359 ,2024-11-27 13:13:03 ,16.0 , 4.0 ,31.0 ,  37.0 ,34.0 , 54.0 ,247.0 ,       ,11.0 ,    ,36.0 ,36.0
196 ,   359 ,2024-11-27 12:13:03 ,14.0 , 6.0 ,30.0 ,  39.0 ,37.0 , 57.0 ,234.0 ,       ,12.0 ,    ,41.0 ,35.0
197 ,   359 ,2024-11-27 11:13:03 ,17.0 , 3.0 ,30.0 ,  41.0 ,41.0 , 65.0 ,381.0 ,       ,17.0 ,    ,40.0 ,19.0
198 ,   359 ,2024-11-27 10:13:03 ,18.0 , 3.0 ,29.0 ,  31.0 ,30.0 , 68.0 ,408.0 ,       ,18.0 ,    ,39.0 ,17.0
199 ,   359 ,2024-11-27 09:13:03 ,22.0 , 2.0 ,28.0 ,  48.0 ,48.0 , 73.0 ,482.0 ,       ,21.0 ,    ,44.0 ,12.0
200 ,   359 ,2024-11-27 08:13:03 ,26.0 , 1.0 ,24.0 ,  39.0 ,39.0 , 72.0 ,500.0 ,       ,20.0 ,    ,60.0 ,11.0
201 ,   359 ,2024-11-27 07:13:03 ,20.0 , 1.0 ,23.0 ,  33.0 ,30.0 , 69.0 ,423.0 ,       ,19.0 ,    ,68.0 ,10.0
202 ,   359 ,2024-11-27 06:13:03 ,22.0 , 1.0 ,23.0 ,  30.0 ,29.0 , 67.0 ,371.0 ,       ,18.0 ,    ,66.0 ,14.0
203 ,   359 ,2024-11-27 05:13:03 ,44.0 , 1.0 ,24.0 ,  44.0 ,43.0 , 83.0 ,486.0 ,       ,26.0 ,    ,61.0 ,10.0
204 ,   359 ,2024-11-27 04:13:03 ,41.0 , 1.0 ,24.0 ,  44.0 ,44.0 , 82.0 ,584.0 ,       ,26.0 ,    ,63.0 ,10.0
205 ,   359 ,2024-11-27 03:13:03 ,41.0 , 1.0 ,24.0 ,  52.0 ,47.0 , 92.0 ,529.0 ,       ,31.0 ,    ,61.0 ,10.0
206 ,   359 ,2024-11-27 02:03:36 ,39.0 , 1.0 ,24.0 ,  50.0 ,50.0 , 85.0 ,612.0 ,       ,27.0 ,    ,58.0 , 9.0
207 ,   359 ,2024-11-26 04:10:03 ,18.0 , 1.0 ,20.0 ,  33.0 ,33.0 , 65.0 ,353.0 ,       ,17.0 ,    ,79.0 , 8.0
208 ,   359 ,2024-11-26 03:10:03 ,21.0 , 1.0 ,20.0 ,  34.0 ,34.0 , 66.0 ,370.0 ,       ,17.0 ,    ,78.0 , 6.0
209 ,   359 ,2024-11-26 02:10:03 ,20.0 , 1.0 ,20.0 ,  42.0 ,42.0 , 64.0 ,438.0 ,       ,16.0 ,    ,79.0 , 6.0
210 ,   359 ,2024-11-26 01:10:03 ,26.0 , 1.0 ,19.0 ,  45.0 ,45.0 , 63.0 ,404.0 ,       ,16.0 ,    ,82.0 , 6.0
211 ,   359 ,2024-11-26 00:10:03 ,26.0 , 1.0 ,20.0 ,  40.0 ,40.0 , 66.0 ,442.0 ,       ,17.0 ,    ,74.0 , 6.0
212 ,   359 ,2024-11-25 23:10:03 ,19.0 , 2.0 ,20.0 ,  43.0 ,43.0 , 67.0 ,434.0 ,       ,18.0 ,    ,76.0 , 6.0
213 ,   359 ,2024-11-25 22:10:04 ,28.0 , 1.0 ,21.0 ,  37.0 ,37.0 , 64.0 ,416.0 ,       ,16.0 ,    ,74.0 , 7.0
214 ,   359 ,2024-11-25 21:10:03 ,29.0 , 2.0 ,22.0 ,  27.0 ,27.0 , 56.0 ,366.0 ,       ,12.0 ,    ,70.0 ,13.0
215 ,   359 ,2024-11-25 20:10:03 ,25.0 , 1.0 ,23.0 ,  26.0 ,24.0 , 54.0 ,346.0 ,       ,10.0 ,    ,66.0 ,22.0
216 ,   359 ,2024-11-25 19:10:03 ,17.0 , 1.0 ,24.0 ,  30.0 ,27.0 , 55.0 ,281.0 ,       ,11.0 ,    ,62.0 ,30.0
217 ,   359 ,2024-11-25 18:10:03 ,15.0 , 2.0 ,24.0 ,  41.0 ,41.0 , 62.0 ,266.0 ,       ,15.0 ,    ,60.0 ,34.0
218 ,   359 ,2024-11-25 17:10:03 ,16.0 , 2.0 ,25.0 ,  40.0 ,39.0 , 67.0 ,236.0 ,       ,18.0 ,    ,57.0 ,35.0
219 ,   359 ,2024-11-25 16:10:03 ,14.0 , 2.0 ,26.0 ,  37.0 ,25.0 , 69.0 ,183.0 ,       ,18.0 ,    ,56.0 ,36.0
220 ,   359 ,2024-11-25 15:10:03 ,13.0 , 2.0 ,26.0 ,  35.0 ,21.0 , 59.0 ,186.0 ,       ,14.0 ,    ,56.0 ,35.0
221 ,   359 ,2024-11-25 14:10:03 ,14.0 , 2.0 ,26.0 ,  33.0 ,28.0 , 55.0 ,206.0 ,       ,11.0 ,    ,49.0 ,30.0
222 ,   359 ,2024-11-25 13:10:03 ,14.0 , 2.0 ,26.0 ,  30.0 ,30.0 , 61.0 ,196.0 ,       ,15.0 ,    ,48.0 ,22.0
223 ,   359 ,2024-11-25 12:10:03 ,13.0 , 2.0 ,24.0 ,  28.0 ,27.0 , 53.0 ,212.0 ,       ,12.0 ,    ,54.0 ,21.0
224 ,   359 ,2024-11-25 11:10:03 ,13.0 , 2.0 ,24.0 ,  18.0 ,15.0 , 23.0 ,251.0 ,       , 4.0 ,    ,61.0 ,18.0
225 ,   359 ,2024-11-25 10:10:04 ,12.0 , 3.0 ,25.0 ,  15.0 ,15.0 , 20.0 ,162.0 ,       , 4.0 ,    ,66.0 ,14.0
226 ,   359 ,2024-11-25 09:10:03 ,12.0 , 3.0 ,22.0 ,  13.0 ,13.0 , 23.0 ,152.0 ,       , 4.0 ,    ,74.0 ,12.0
227 ,   359 ,2024-11-25 08:10:04 ,11.0 , 2.0 ,18.0 ,  14.0 ,14.0 , 26.0 ,130.0 ,       , 5.0 ,    ,79.0 ,12.0
228 ,   359 ,2024-11-25 07:10:03 ,12.0 , 2.0 ,17.0 ,  16.0 ,16.0 , 31.0 ,113.0 ,       , 6.0 ,    ,82.0 ,12.0
229 ,   359 ,2024-11-25 06:10:03 , 8.0 , 2.0 ,17.0 ,  16.0 ,12.0 , 24.0 , 30.0 ,       , 4.0 ,    ,84.0 ,16.0
230 ,   359 ,2024-11-25 05:10:03 , 7.0 , 2.0 ,16.0 ,  16.0 ,14.0 , 25.0 , 29.0 ,       , 5.0 ,    ,88.0 ,16.0
231 ,   359 ,2024-11-25 04:10:03 , 6.0 , 2.0 ,16.0 ,  18.0 ,11.0 , 21.0 , 30.0 ,       , 4.0 ,    ,88.0 ,18.0
232 ,   359 ,2024-11-25 03:10:04 , 6.0 , 2.0 ,16.0 ,  18.0 , 8.0 , 21.0 , 42.0 ,       , 4.0 ,    ,86.0 ,18.0
233 ,   359 ,2024-11-25 02:10:04 , 6.0 , 2.0 ,17.0 ,  18.0 ,12.0 , 25.0 , 56.0 ,       , 4.0 ,    ,84.0 ,18.0
234 ,   359 ,2024-11-25 01:10:03 , 8.0 , 2.0 ,16.0 ,  16.0 ,13.0 , 30.0 ,134.0 ,       , 5.0 ,    ,82.0 ,16.0
235 ,   359 ,2024-11-25 00:10:03 , 8.0 , 2.0 ,16.0 ,  16.0 ,12.0 , 26.0 ,140.0 ,       , 5.0 ,    ,77.0 ,16.0
236 ,   359 ,2024-11-24 23:10:03 , 8.0 , 2.0 ,17.0 ,  17.0 ,12.0 , 27.0 ,117.0 ,       , 5.0 ,    ,79.0 ,17.0
237 ,   359 ,2024-11-24 22:10:04 , 8.0 , 2.0 ,17.0 ,  18.0 ,10.0 , 28.0 ,123.0 ,       , 5.0 ,    ,80.0 ,18.0
238 ,   359 ,2024-11-24 21:10:03 , 8.0 , 2.0 ,18.0 ,  20.0 ,10.0 , 33.0 ,127.0 ,       , 7.0 ,    ,74.0 ,19.0
239 ,   359 ,2024-11-24 20:10:03 , 8.0 , 2.0 ,18.0 ,  20.0 ,13.0 , 25.0 ,117.0 ,       , 4.0 ,    ,74.0 ,20.0
240 ,   359 ,2024-11-24 19:10:04 , 8.0 , 2.0 ,19.0 ,  19.0 ,13.0 , 32.0 ,124.0 ,       , 6.0 ,    ,68.0 ,19.0
241 ,   359 ,2024-11-24 18:10:03 , 7.0 , 3.0 ,20.0 ,  22.0 ,13.0 , 28.0 ,125.0 ,       , 5.0 ,    ,65.0 ,22.0
242 ,   359 ,2024-11-24 17:10:04 , 8.0 , 3.0 ,21.0 ,  24.0 ,13.0 , 27.0 ,126.0 ,       , 5.0 ,    ,64.0 ,24.0
243 ,   359 ,2024-11-24 16:10:03 , 7.0 , 3.0 ,22.0 ,  25.0 ,14.0 , 27.0 ,135.0 ,       , 5.0 ,    ,62.0 ,25.0
244 ,   359 ,2024-11-24 15:10:03 , 7.0 , 3.0 ,22.0 ,  25.0 ,14.0 , 27.0 ,134.0 ,       , 5.0 ,    ,61.0 ,25.0
245 ,   359 ,2024-11-24 14:10:04 , 8.0 , 3.0 ,21.0 ,  23.0 ,14.0 , 26.0 ,141.0 ,       , 4.0 ,    ,60.0 ,23.0
246 ,   359 ,2024-11-24 13:10:03 , 7.0 , 2.0 ,20.0 ,  20.0 ,13.0 , 23.0 , 94.0 ,       , 4.0 ,    ,62.0 ,20.0
247 ,   359 ,2024-11-24 12:10:03 , 7.0 , 2.0 ,21.0 ,  19.0 ,16.0 , 24.0 , 68.0 ,       , 4.0 ,    ,65.0 ,19.0
248 ,   359 ,2024-11-24 11:10:03 , 7.0 , 2.0 ,22.0 ,  19.0 ,10.0 , 26.0 , 60.0 ,       , 5.0 ,    ,77.0 ,19.0
249 ,   359 ,2024-11-24 10:10:03 , 6.0 , 2.0 ,21.0 ,  18.0 ,11.0 , 24.0 , 57.0 ,       , 4.0 ,    ,90.0 ,18.0
250 ,   359 ,2024-11-24 09:10:04 , 8.0 , 2.0 ,21.0 ,  17.0 ,10.0 , 29.0 , 67.0 ,       , 5.0 ,    ,81.0 ,17.0
251 ,   359 ,2024-11-24 08:10:04 , 8.0 , 2.0 ,19.0 ,  18.0 ,10.0 , 30.0 , 66.0 ,       , 5.0 ,    ,69.0 ,18.0
252 ,   359 ,2024-11-24 07:10:03 , 8.0 , 2.0 ,16.0 ,  15.0 ,14.0 , 44.0 , 64.0 ,       , 8.0 ,    ,86.0 ,15.0
253 ,   359 ,2024-11-24 06:10:04 ,10.0 , 2.0 ,16.0 ,  22.0 ,22.0 , 53.0 , 87.0 ,       ,10.0 ,    ,94.0 ,14.0
254 ,   359 ,2024-11-24 05:10:03 , 8.0 , 2.0 ,16.0 ,  22.0 ,22.0 , 43.0 ,144.0 ,       , 8.0 ,    ,92.0 ,17.0
255 ,   359 ,2024-11-24 04:10:03 , 8.0 , 2.0 ,16.0 ,  20.0 ,20.0 , 43.0 ,115.0 ,       , 8.0 ,    ,86.0 ,17.0
256 ,   359 ,2024-11-24 03:10:03 , 8.0 , 2.0 ,16.0 ,  20.0 ,16.0 , 36.0 ,130.0 ,       , 6.0 ,    ,82.0 ,17.0
257 ,   359 ,2024-11-24 02:10:03 , 8.0 , 2.0 ,16.0 ,  18.0 ,11.0 , 32.0 ,134.0 ,       , 6.0 ,    ,86.0 ,18.0
258 ,   359 ,2024-11-24 01:10:03 , 9.0 , 2.0 ,16.0 ,  17.0 ,12.0 , 32.0 ,125.0 ,       , 6.0 ,    ,86.0 ,17.0
259 ,   359 ,2024-11-24 00:10:03 ,10.0 , 2.0 ,17.0 ,  16.0 ,14.0 , 27.0 ,135.0 ,       , 4.0 ,    ,74.0 ,16.0
260 ,   359 ,2024-11-23 23:10:04 , 9.0 , 2.0 ,17.0 ,  16.0 ,14.0 , 24.0 ,132.0 ,       , 4.0 ,    ,76.0 ,16.0
261 ,   359 ,2024-11-23 22:10:03 , 9.0 , 2.0 ,18.0 ,  16.0 ,12.0 , 25.0 ,132.0 ,       , 4.0 ,    ,82.0 ,16.0
262 ,   359 ,2024-11-23 21:10:03 , 9.0 , 2.0 ,18.0 ,  16.0 ,12.0 , 27.0 ,127.0 ,       , 5.0 ,    ,80.0 ,16.0
263 ,   359 ,2024-11-23 20:10:03 , 9.0 , 2.0 ,18.0 ,  20.0 ,17.0 , 42.0 ,169.0 ,       , 8.0 ,    ,84.0 ,16.0
264 ,   359 ,2024-11-23 19:10:03 ,11.0 , 2.0 ,19.0 ,  21.0 ,18.0 , 42.0 ,193.0 ,       , 8.0 ,    ,78.0 ,16.0
265 ,   359 ,2024-11-23 18:10:04 ,10.0 , 2.0 ,20.0 ,  18.0 ,12.0 , 28.0 ,188.0 ,       , 5.0 ,    ,75.0 ,18.0
266 ,   359 ,2024-11-23 17:10:04 ,10.0 , 2.0 ,21.0 ,  18.0 ,13.0 , 28.0 ,183.0 ,       , 5.0 ,    ,72.0 ,18.0
267 ,   359 ,2024-11-23 16:10:03 ,10.0 , 3.0 ,22.0 ,  22.0 ,13.0 , 39.0 ,193.0 ,       , 9.0 ,    ,69.0 ,18.0
268 ,   359 ,2024-11-23 15:10:03 ,10.0 , 3.0 ,23.0 ,  18.0 ,12.0 , 34.0 ,200.0 ,       , 6.0 ,    ,68.0 ,18.0
269 ,   359 ,2024-11-23 14:10:03 ,10.0 , 3.0 ,23.0 ,  18.0 ,12.0 , 30.0 ,196.0 ,       , 6.0 ,    ,69.0 ,18.0
270 ,   359 ,2024-11-23 13:10:04 , 9.0 , 3.0 ,23.0 ,  18.0 ,12.0 , 30.0 ,207.0 ,       , 6.0 ,    ,71.0 ,18.0
271 ,   359 ,2024-11-23 12:10:04 ,10.0 , 3.0 ,21.0 ,  18.0 ,12.0 , 26.0 ,217.0 ,       , 4.0 ,    ,76.0 ,18.0
272 ,   359 ,2024-11-23 11:10:03 ,10.0 , 3.0 ,22.0 ,  17.0 ,13.0 , 21.0 ,204.0 ,       , 4.0 ,    ,75.0 ,17.0
273 ,   359 ,2024-11-23 10:10:03 ,10.0 , 2.0 ,20.0 ,  16.0 ,13.0 , 23.0 ,186.0 ,       , 4.0 ,    ,82.0 ,16.0
274 ,   359 ,2024-11-23 09:10:03 ,10.0 , 2.0 ,20.0 ,  17.0 ,13.0 , 24.0 ,190.0 ,       , 4.0 ,    ,79.0 ,17.0
275 ,   359 ,2024-11-23 08:10:03 ,10.0 , 2.0 ,19.0 ,  16.0 ,14.0 , 26.0 ,202.0 ,       , 4.0 ,    ,84.0 ,16.0
276 ,   359 ,2024-11-23 07:10:04 ,10.0 , 2.0 ,18.0 ,  16.0 ,12.0 , 26.0 ,180.0 ,       , 4.0 ,    ,88.0 ,16.0
277 ,   359 ,2024-11-23 06:10:03 ,10.0 , 2.0 ,18.0 ,  17.0 ,12.0 , 29.0 ,188.0 ,       , 5.0 ,    ,90.0 ,17.0
278 ,   359 ,2024-11-23 05:10:03 ,10.0 , 2.0 ,18.0 ,  17.0 ,12.0 , 29.0 ,186.0 ,       , 5.0 ,    ,93.0 ,17.0
279 ,   359 ,2024-11-23 04:10:04 ,10.0 , 2.0 ,18.0 ,  17.0 ,12.0 , 26.0 ,185.0 ,       , 5.0 ,    ,93.0 ,17.0
280 ,   359 ,2024-11-23 03:10:03 ,10.0 , 2.0 ,18.0 ,  17.0 ,12.0 , 23.0 ,201.0 ,       , 4.0 ,    ,93.0 ,17.0
281 ,   359 ,2024-11-23 02:10:03 ,10.0 , 2.0 ,18.0 ,  16.0 ,12.0 , 28.0 ,220.0 ,       , 5.0 ,    ,88.0 ,16.0
282 ,   359 ,2024-11-23 01:10:03 ,10.0 , 2.0 ,18.0 ,  16.0 ,12.0 , 31.0 ,227.0 ,       , 6.0 ,    ,82.0 ,16.0
283 ,   359 ,2024-11-23 00:10:04 ,11.0 , 2.0 ,19.0 ,  16.0 ,12.0 , 24.0 ,231.0 ,       , 4.0 ,    ,84.0 ,16.0
284 ,   359 ,2024-11-22 23:10:04 ,11.0 , 2.0 ,19.0 ,  17.0 ,13.0 , 26.0 ,225.0 ,       , 4.0 ,    ,84.0 ,17.0
285 ,   359 ,2024-11-22 22:10:03 ,10.0 , 2.0 ,18.0 ,  16.0 ,13.0 , 30.0 ,206.0 ,       , 6.0 ,    ,85.0 ,16.0
286 ,   359 ,2024-11-22 21:10:03 ,11.0 , 2.0 ,19.0 ,  16.0 ,12.0 , 28.0 ,234.0 ,       , 5.0 ,    ,82.0 ,16.0
287 ,   359 ,2024-11-22 20:10:03 ,12.0 , 2.0 ,20.0 ,  18.0 ,14.0 , 31.0 ,231.0 ,       , 6.0 ,    ,78.0 ,18.0
288 ,   359 ,2024-11-22 19:10:03 ,12.0 , 2.0 ,21.0 ,  18.0 ,14.0 , 28.0 ,227.0 ,       , 5.0 ,    ,75.0 ,18.0
289 ,   359 ,2024-11-22 18:10:03 ,12.0 , 2.0 ,21.0 ,  18.0 ,16.0 , 31.0 ,210.0 ,       , 6.0 ,    ,74.0 ,18.0
290 ,   359 ,2024-11-22 17:10:04 ,12.0 , 2.0 ,22.0 ,  18.0 ,15.0 , 30.0 ,216.0 ,       , 5.0 ,    ,75.0 ,18.0
291 ,   359 ,2024-11-22 16:10:03 ,12.0 , 2.0 ,21.0 ,  17.0 ,14.0 , 31.0 ,225.0 ,       , 6.0 ,    ,78.0 ,17.0
292 ,   359 ,2024-11-22 15:10:03 ,12.0 , 2.0 ,21.0 ,  16.0 ,16.0 , 34.0 ,220.0 ,       , 6.0 ,    ,74.0 ,16.0
293 ,   359 ,2024-11-22 14:10:03 ,12.0 , 2.0 ,21.0 ,  18.0 ,16.0 , 33.0 ,209.0 ,       , 6.0 ,    ,71.0 ,18.0
294 ,   359 ,2024-11-22 13:10:03 ,12.0 , 2.0 ,21.0 ,  18.0 ,16.0 , 34.0 ,226.0 ,       , 6.0 ,    ,70.0 ,18.0
295 ,   359 ,2024-11-22 12:10:03 ,12.0 , 2.0 ,20.0 ,  17.0 ,15.0 , 33.0 ,233.0 ,       , 6.0 ,    ,71.0 ,17.0
296 ,   359 ,2024-11-22 11:10:03 ,12.0 , 2.0 ,20.0 ,  19.0 ,18.0 , 30.0 ,234.0 ,       , 6.0 ,    ,75.0 ,17.0
297 ,   359 ,2024-11-22 10:10:03 ,12.0 , 2.0 ,20.0 ,  17.0 ,15.0 , 34.0 ,242.0 ,       , 6.0 ,    ,79.0 ,17.0
298 ,   359 ,2024-11-22 09:10:03 ,12.0 , 2.0 ,20.0 ,  16.0 ,14.0 , 32.0 ,218.0 ,       , 6.0 ,    ,80.0 ,16.0
299 ,   359 ,2024-11-22 08:10:04 ,12.0 , 2.0 ,19.0 ,  17.0 ,14.0 , 31.0 ,214.0 ,       , 6.0 ,    ,80.0 ,17.0
300 ,   359 ,2024-11-22 07:10:03 ,12.0 , 2.0 ,19.0 ,  17.0 ,14.0 , 31.0 ,212.0 ,       , 6.0 ,    ,85.0 ,17.0
301 ,   359 ,2024-11-22 06:10:03 ,12.0 , 2.0 ,18.0 ,  16.0 ,14.0 , 30.0 ,231.0 ,       , 5.0 ,    ,97.0 ,16.0
302 ,   359 ,2024-11-22 05:10:04 ,11.0 , 2.0 ,18.0 ,  17.0 ,14.0 , 30.0 ,211.0 ,       , 5.0 ,    ,93.0 ,17.0
303 ,   359 ,2024-11-22 04:10:04 ,12.0 , 2.0 ,19.0 ,  17.0 ,14.0 , 30.0 ,204.0 ,       , 5.0 ,    ,91.0 ,17.0
304 ,   359 ,2024-11-22 03:10:03 ,12.0 , 2.0 ,18.0 ,  17.0 ,14.0 , 29.0 ,197.0 ,       , 5.0 ,    ,97.0 ,17.0
305 ,   359 ,2024-11-22 02:10:03 ,11.0 , 3.0 ,19.0 ,  17.0 ,13.0 , 26.0 ,236.0 ,       , 5.0 ,    ,93.0 ,17.0
306 ,   359 ,2024-11-22 01:10:04 ,11.0 , 2.0 ,19.0 ,  18.0 ,12.0 , 24.0 ,233.0 ,       , 4.0 ,    ,88.0 ,18.0
307 ,   359 ,2024-11-22 00:10:04 ,12.0 , 2.0 ,20.0 ,  17.0 ,13.0 , 25.0 ,226.0 ,       , 4.0 ,    ,80.0 ,17.0
308 ,   359 ,2024-11-21 23:10:03 ,12.0 , 3.0 ,20.0 ,  18.0 ,12.0 , 23.0 ,223.0 ,       , 4.0 ,    ,82.0 ,18.0
309 ,   359 ,2024-11-21 22:10:03 ,12.0 , 3.0 ,19.0 ,  19.0 ,16.0 , 24.0 ,241.0 ,       , 4.0 ,    ,90.0 ,18.0
310 ,   359 ,2024-11-21 21:10:03 ,12.0 , 3.0 ,20.0 ,  18.0 ,12.0 , 28.0 ,238.0 ,       , 5.0 ,    ,78.0 ,18.0
311 ,   359 ,2024-11-21 20:10:03 ,11.0 , 2.0 ,21.0 ,  18.0 ,13.0 , 24.0 ,218.0 ,       , 4.0 ,    ,76.0 ,18.0
312 ,   359 ,2024-11-21 19:10:03 ,10.0 , 3.0 ,21.0 ,  18.0 ,12.0 , 26.0 ,222.0 ,       , 5.0 ,    ,77.0 ,18.0
313 ,   359 ,2024-11-21 18:10:03 ,10.0 , 3.0 ,22.0 ,  19.0 ,13.0 , 32.0 ,203.0 ,       , 6.0 ,    ,71.0 ,19.0
314 ,   359 ,2024-11-21 17:10:03 ,10.0 , 2.0 ,22.0 ,  19.0 ,12.0 , 34.0 ,205.0 ,       , 6.0 ,    ,74.0 ,19.0
315 ,   359 ,2024-11-21 16:10:03 ,10.0 , 3.0 ,22.0 ,  18.0 ,14.0 , 32.0 ,210.0 ,       , 6.0 ,    ,74.0 ,18.0
316 ,   359 ,2024-11-21 15:10:03 ,10.0 , 4.0 ,22.0 ,  18.0 ,15.0 , 30.0 ,199.0 ,       , 5.0 ,    ,73.0 ,18.0
317 ,   359 ,2024-11-21 14:10:03 ,11.0 , 3.0 ,24.0 ,  19.0 ,13.0 , 30.0 ,204.0 ,       , 6.0 ,    ,72.0 ,19.0
318 ,   359 ,2024-11-21 13:10:03 ,11.0 , 2.0 ,23.0 ,  18.0 ,14.0 , 26.0 ,218.0 ,       , 5.0 ,    ,78.0 ,18.0
319 ,   359 ,2024-11-21 12:10:03 ,11.0 , 2.0 ,22.0 ,  20.0 ,14.0 , 24.0 ,218.0 ,       , 4.0 ,    ,76.0 ,20.0
320 ,   359 ,2024-11-21 11:10:04 ,11.0 , 3.0 ,22.0 ,  24.0 ,21.0 , 31.0 ,217.0 ,       , 5.0 ,    ,79.0 ,19.0
321 ,   359 ,2024-11-21 10:10:04 ,11.0 , 2.0 ,22.0 ,  19.0 ,14.0 , 23.0 ,240.0 ,       , 4.0 ,    ,81.0 ,19.0
322 ,   359 ,2024-11-21 09:10:04 ,11.0 , 2.0 ,22.0 ,  20.0 ,16.0 , 34.0 ,239.0 ,       , 6.0 ,    ,75.0 ,18.0
323 ,   359 ,2024-11-21 08:10:03 ,11.0 , 3.0 ,21.0 ,  18.0 ,16.0 , 48.0 ,270.0 ,       , 8.0 ,    ,68.0 ,17.0
324 ,   359 ,2024-11-21 07:10:03 ,12.0 , 3.0 ,21.0 ,  17.0 ,17.0 , 49.0 ,237.0 ,       , 9.0 ,    ,70.0 ,16.0
325 ,   359 ,2024-11-21 06:10:04 ,12.0 , 3.0 ,20.0 ,  17.0 ,14.0 , 51.0 ,243.0 ,       ,10.0 ,    ,80.0 ,16.0
326 ,   359 ,2024-11-21 05:10:04 ,11.0 , 3.0 ,20.0 ,  16.0 ,14.0 , 50.0 ,246.0 ,       ,10.0 ,    ,84.0 ,15.0
327 ,   359 ,2024-11-21 04:10:04 ,12.0 , 3.0 ,20.0 ,  16.0 ,16.0 , 52.0 ,243.0 ,       ,10.0 ,    ,87.0 ,14.0
328 ,   359 ,2024-11-21 03:10:03 ,12.0 , 2.0 ,21.0 ,  18.0 ,18.0 , 52.0 ,382.0 ,       ,10.0 ,    ,89.0 ,14.0
329 ,   359 ,2024-11-21 02:10:03 ,12.0 , 2.0 ,21.0 ,  19.0 ,16.0 , 55.0 ,567.0 ,       ,11.0 ,    ,86.0 ,14.0
330 ,   359 ,2024-11-21 01:10:04 ,14.0 , 3.0 ,20.0 ,  16.0 ,14.0 , 46.0 ,489.0 ,       , 8.0 ,    ,84.0 ,14.0
331 ,   359 ,2024-11-21 00:10:03 ,13.0 , 4.0 ,20.0 ,  15.0 ,14.0 , 49.0 ,504.0 ,       , 9.0 ,    ,87.0 ,14.0
332 ,   359 ,2024-11-20 23:10:03 ,12.0 , 4.0 ,21.0 ,  15.0 ,13.0 , 46.0 ,370.0 ,       , 8.0 ,    ,79.0 ,14.0
333 ,   359 ,2024-11-20 22:10:04 ,12.0 , 4.0 ,21.0 ,  16.0 ,15.0 , 49.0 ,291.0 ,       , 9.0 ,    ,76.0 ,14.0
334 ,   359 ,2024-11-20 21:10:03 ,13.0 , 3.0 ,21.0 ,  16.0 ,16.0 , 52.0 ,274.0 ,       ,10.0 ,    ,82.0 ,14.0
335 ,   359 ,2024-11-20 20:10:03 ,12.0 , 3.0 ,22.0 ,  16.0 ,16.0 , 48.0 ,257.0 ,       , 9.0 ,    ,86.0 , 9.0
336 ,   359 ,2024-11-20 19:10:03 ,12.0 , 4.0 ,22.0 ,  16.0 ,16.0 , 44.0 ,324.0 ,       , 8.0 ,    ,85.0 , 9.0
337 ,   359 ,2024-11-20 18:10:03 ,12.0 , 3.0 ,24.0 ,  17.0 ,17.0 , 46.0 ,317.0 ,       , 8.0 ,    ,69.0 ,10.0
338 ,   359 ,2024-11-20 17:10:03 ,13.0 , 3.0 ,26.0 ,  17.0 ,17.0 , 43.0 ,244.0 ,       , 8.0 ,    ,68.0 , 9.0
339 ,   359 ,2024-11-20 16:10:03 ,12.0 , 3.0 ,26.0 ,  18.0 ,15.0 , 51.0 ,240.0 ,       ,10.0 ,    ,59.0 ,10.0
340 ,   359 ,2024-11-20 15:10:04 ,12.0 , 4.0 ,27.0 ,  20.0 ,17.0 , 51.0 ,264.0 ,       ,10.0 ,    ,51.0 ,12.0
341 ,   359 ,2024-11-20 14:10:04 ,12.0 , 4.0 ,28.0 ,  20.0 ,15.0 , 56.0 ,228.0 ,       ,12.0 ,    ,44.0 ,11.0
342 ,   359 ,2024-11-20 13:22:30 ,15.0 , 3.0 ,30.0 ,  19.0 ,19.0 , 50.0 ,337.0 ,       , 9.0 ,    ,37.0 ,12.0
343 ,   359 ,2024-11-20 12:10:03 ,16.0 , 3.0 ,30.0 ,  19.0 ,19.0 , 52.0 ,427.0 ,       ,10.0 ,    ,28.0 ,13.0
344 ,   359 ,2024-11-20 11:10:04 ,15.0 , 2.0 ,30.0 ,  18.0 ,18.0 , 53.0 ,277.0 ,       ,10.0 ,    ,39.0 ,12.0
345 ,   359 ,2024-11-20 10:06:49 ,17.0 , 4.0 ,26.0 ,  46.0 ,32.0 , 75.0 ,274.0 ,       ,20.0 ,    ,54.0 ,45.0
346 ,   359 ,2024-11-20 09:00:58 ,19.0 , 6.0 ,22.0 ,  57.0 ,37.0 , 77.0 ,292.0 ,       ,24.0 ,    ,72.0 ,57.0
347 ,   359 ,2024-11-20 08:10:03 ,20.0 , 5.0 ,20.0 ,  45.0 ,38.0 , 69.0 ,302.0 ,       ,19.0 ,    ,78.0 ,44.0
348 ,   359 ,2024-11-20 07:10:04 ,22.0 , 5.0 ,19.0 ,  40.0 ,40.0 , 64.0 ,319.0 ,       ,16.0 ,    ,84.0 ,19.0
349 ,   359 ,2024-11-20 06:10:04 ,26.0 , 5.0 ,18.0 ,  40.0 ,40.0 , 64.0 ,443.0 ,       ,16.0 ,    ,83.0 ,12.0
350 ,   359 ,2024-11-20 05:10:03 ,31.0 , 5.0 ,18.0 ,  41.0 ,41.0 , 66.0 ,667.0 ,       ,17.0 ,    ,85.0 , 5.0
351 ,   359 ,2024-11-20 04:10:04 ,34.0 , 5.0 ,18.0 ,  41.0 ,41.0 , 66.0 ,670.0 ,       ,17.0 ,    ,86.0 , 5.0
352 ,   359 ,2024-11-20 03:10:03 ,38.0 , 5.0 ,18.0 ,  39.0 ,39.0 , 67.0 ,692.0 ,       ,18.0 ,    ,84.0 , 5.0
353 ,   359 ,2024-11-20 02:10:03 ,35.0 , 6.0 ,19.0 ,  36.0 ,36.0 , 70.0 ,618.0 ,       ,20.0 ,    ,84.0 , 6.0
354 ,   359 ,2024-11-20 01:10:03 ,27.0 , 6.0 ,19.0 ,  30.0 ,30.0 , 64.0 ,592.0 ,       ,16.0 ,    ,82.0 , 6.0
355 ,   359 ,2024-11-20 00:10:03 ,27.0 , 7.0 ,19.0 ,  24.0 ,22.0 , 60.0 ,517.0 ,       ,14.0 ,    ,81.0 , 7.0
356 ,   359 ,2024-11-19 23:10:03 ,25.0 , 7.0 ,20.0 ,  24.0 ,24.0 , 60.0 ,425.0 ,       ,14.0 ,    ,81.0 ,12.0
357 ,   359 ,2024-11-19 22:10:04 ,18.0 , 8.0 ,20.0 ,  23.0 ,23.0 , 59.0 ,339.0 ,       ,14.0 ,    ,80.0 ,18.0
358 ,   359 ,2024-11-19 21:10:04 ,17.0 ,10.0 ,20.0 ,  24.0 ,24.0 , 58.0 ,320.0 ,       ,13.0 ,    ,79.0 ,20.0
359 ,   359 ,2024-11-19 20:10:03 ,16.0 ,10.0 ,20.0 ,  26.0 ,26.0 , 58.0 ,283.0 ,       ,13.0 ,    ,80.0 ,19.0
360 ,   359 ,2024-11-19 19:10:04 ,10.0 , 7.0 ,21.0 ,  43.0 ,20.0 , 58.0 ,227.0 ,       ,13.0 ,    ,76.0 ,43.0
361 ,   359 ,2024-11-19 18:10:04 ,10.0 , 2.0 ,22.0 ,  49.0 ,12.0 , 46.0 ,218.0 ,       , 6.0 ,    ,67.0 ,49.0
362 ,   359 ,2024-11-19 17:10:03 ,11.0 , 2.0 ,25.0 ,  44.0 ,13.0 , 41.0 ,222.0 ,       , 6.0 ,    ,64.0 ,44.0
363 ,   359 ,2024-11-19 16:10:03 ,10.0 , 4.0 ,28.0 ,  47.0 ,14.0 , 44.0 ,194.0 ,       , 6.0 ,    ,56.0 ,47.0
364 ,   359 ,2024-11-19 15:10:03 ,10.0 , 3.0 ,28.0 ,  45.0 ,14.0 , 45.0 ,204.0 ,       , 7.0 ,    ,48.0 ,45.0
365 ,   359 ,2024-11-19 14:10:04 ,10.0 , 3.0 ,28.0 ,  45.0 ,13.0 , 42.0 ,183.0 ,       , 6.0 ,    ,42.0 ,45.0
366 ,   359 ,2024-11-19 13:10:04 ,12.0 , 2.0 ,27.0 ,  34.0 ,23.0 , 54.0 ,188.0 ,       ,11.0 ,    ,46.0 ,34.0
367 ,   359 ,2024-11-19 12:10:03 ,17.0 , 2.0 ,26.0 ,  38.0 ,23.0 , 76.0 ,260.0 ,       ,22.0 ,    ,52.0 ,32.0
368 ,   359 ,2024-11-19 11:10:03 ,12.0 , 2.0 ,24.0 ,  36.0 ,28.0 , 70.0 ,264.0 ,       ,19.0 ,    ,66.0 ,22.0
369 ,   359 ,2024-11-19 10:02:03 ,16.0 , 2.0 ,23.0 ,  35.0 ,34.0 , 64.0 ,302.0 ,1023.0 ,16.0 ,2.0 ,86.0 ,16.0
370 ,   359 ,2024-11-19 09:02:02 ,22.0 , 2.0 ,23.0 ,  32.0 ,25.0 , 69.0 ,400.0 ,1023.0 ,19.0 ,2.0 ,75.0 ,12.0
371 ,   359 ,2024-11-19 08:02:03 ,23.0 , 1.0 ,23.0 ,  24.0 ,24.0 , 56.0 ,400.0 ,1022.0 ,12.0 ,2.0 ,58.0 , 8.0
372 ,   359 ,2024-11-19 07:02:03 ,31.0 , 0.0 ,19.0 ,  41.0 ,37.0 , 81.0 ,500.0 ,1021.0 ,25.0 ,0.0 ,71.0 , 5.0
373 ,   359 ,2024-11-19 06:02:03 ,32.0 , 0.0 ,18.0 ,  46.0 ,41.0 , 87.0 ,500.0 ,1021.0 ,27.0 ,0.0 ,88.0 , 5.0
374 ,   359 ,2024-11-19 05:02:03 ,34.0 , 0.0 ,19.0 ,  70.0 ,59.0 ,117.0 ,500.0 ,1021.0 ,42.0 ,0.0 ,88.0 , 5.0
375 ,   359 ,2024-11-19 04:02:03 ,36.0 , 0.0 ,19.0 ,  70.0 ,49.0 ,117.0 ,500.0 ,1020.0 ,42.0 ,0.0 ,86.0 , 5.0
376 ,   359 ,2024-11-19 03:02:03 ,36.0 , 0.0 ,20.0 ,  60.0 ,48.0 ,104.0 ,500.0 ,1020.0 ,36.0 ,0.0 ,77.0 , 5.0
377 ,   359 ,2024-11-19 02:02:03 ,34.0 , 0.0 ,21.0 ,  40.0 ,37.0 , 74.0 ,450.0 ,1020.0 ,21.0 ,0.0 ,74.0 , 6.0
378 ,   359 ,2024-11-19 01:02:03 ,28.0 , 0.0 ,21.0 ,  21.0 ,21.0 , 50.0 ,350.0 ,1021.0 ,10.0 ,0.0 ,80.0 , 8.0
379 ,   359 ,2024-11-19 00:02:03 ,25.0 , 0.0 ,20.0 ,  14.0 ,14.0 , 44.0 ,300.0 ,1021.0 , 8.0 ,0.0 ,72.0 ,10.0
380 ,   359 ,2024-11-18 23:02:03 ,18.0 , 0.0 ,21.0 ,  17.0 ,17.0 , 36.0 ,300.0 ,1022.0 , 6.0 ,1.0 ,71.0 ,16.0
381 ,   359 ,2024-11-18 22:02:03 ,19.0 , 0.0 ,22.0 ,  19.0 ,19.0 , 18.0 ,300.0 ,1021.0 , 3.0 ,0.0 ,74.0 ,12.0
382 ,   359 ,2024-11-18 21:02:02 ,21.0 , 0.0 ,22.0 ,  22.0 ,22.0 , 50.0 ,300.0 ,1020.0 , 9.0 ,1.0 ,71.0 ,12.0
383 ,   359 ,2024-11-18 20:02:02 ,18.0 , 1.0 ,23.0 ,  32.0 ,30.0 , 69.0 ,300.0 ,1019.0 ,19.0 ,2.0 ,72.0 ,16.0
384 ,   359 ,2024-11-18 19:02:03 ,19.0 , 1.0 ,25.0 ,  47.0 ,36.0 , 87.0 ,300.0 ,1019.0 ,28.0 ,2.0 ,64.0 ,19.0
385 ,   359 ,2024-11-18 18:02:03 ,21.0 , 1.0 ,27.0 ,  46.0 ,34.0 , 61.0 ,233.0 ,1018.0 ,16.0 ,4.0 ,58.0 ,34.0
386 ,   359 ,2024-11-18 17:02:02 ,20.0 , 2.0 ,30.0 ,  44.0 ,34.0 , 44.0 ,200.0 ,1018.0 , 6.0 ,3.0 ,40.0 ,44.0
387 ,   359 ,2024-11-18 16:02:03 ,14.0 , 1.0 ,30.0 ,  47.0 ,30.0 , 47.0 ,200.0 ,1019.0 , 7.0 ,2.0 ,40.0 ,47.0
388 ,   359 ,2024-11-18 15:02:03 ,10.0 , 0.0 ,29.0 ,  47.0 ,22.0 , 50.0 ,200.0 ,1019.0 , 9.0 ,2.0 ,43.0 ,47.0
389 ,   359 ,2024-11-18 14:02:03 ,14.0 , 1.0 ,29.0 ,  38.0 ,20.0 , 35.0 ,200.0 ,1020.0 , 5.0 ,2.0 ,46.0 ,38.0
390 ,   359 ,2024-11-18 13:07:00 ,13.0 , 1.0 ,29.0 ,  35.0 ,20.0 , 38.0 ,217.0 ,1021.0 , 6.0 ,2.0 ,48.0 ,33.0
391 ,   359 ,2024-11-18 12:02:03 ,18.0 , 0.0 ,28.0 ,  18.0 ,18.0 , 50.0 ,300.0 ,1022.0 , 9.0 ,1.0 ,50.0 ,10.0
392 ,   359 ,2024-11-18 11:02:03 ,18.0 , 0.0 ,26.0 ,  18.0 ,18.0 , 50.0 ,300.0 ,1022.0 , 9.0 ,1.0 ,60.0 ,10.0
393 ,   359 ,2024-11-18 10:17:13 ,18.0 , 0.0 ,27.0 ,  18.0 ,18.0 , 50.0 ,300.0 ,1022.0 , 9.0 ,1.0 ,55.0 ,10.0
394 ,   359 ,2024-11-18 09:02:03 ,18.0 , 0.0 ,27.0 ,  18.0 ,18.0 , 50.0 ,300.0 ,1022.0 , 9.0 ,1.0 ,56.0 ,10.0
395 ,   359 ,2024-11-18 08:02:03 ,18.0 , 0.0 ,24.0 ,  19.0 ,19.0 , 53.0 ,200.0 ,1022.0 ,10.0 ,1.0 ,69.0 , 9.0
396 ,   359 ,2024-11-18 07:02:03 ,19.0 , 0.0 ,18.0 ,  14.0 ,14.0 , 44.0 ,200.0 ,1022.0 , 8.0 ,0.0 ,94.0 , 6.0
397 ,   359 ,2024-11-18 06:02:02 ,16.0 , 0.0 ,18.0 ,  22.0 ,22.0 , 44.0 ,200.0 ,1022.0 , 8.0 ,0.0 ,93.0 , 8.0
398 ,   359 ,2024-11-18 05:02:03 ,14.0 , 0.0 ,19.0 ,  29.0 ,29.0 , 44.0 ,200.0 ,1021.0 , 8.0 ,0.0 ,88.0 ,10.0
399 ,   359 ,2024-11-18 04:02:03 ,20.0 , 0.0 ,20.0 ,  21.0 ,21.0 , 34.0 ,300.0 ,1022.0 , 7.0 ,1.0 ,86.0 , 9.0
400 ,   359 ,2024-11-18 03:02:03 ,20.0 , 0.0 ,20.0 ,  21.0 ,21.0 , 38.0 ,300.0 ,1022.0 , 9.0 ,1.0 ,83.0 , 9.0
401 ,   359 ,2024-11-18 02:02:02 ,18.0 , 0.0 ,20.0 ,  19.0 ,19.0 , 38.0 ,300.0 ,1022.0 , 9.0 ,1.0 ,84.0 ,11.0
402 ,   359 ,2024-11-18 01:02:03 ,11.0 , 0.0 ,20.0 ,  27.0 ,24.0 , 56.0 ,250.0 ,1023.0 ,16.0 ,1.0 ,89.0 ,20.0
403 ,   359 ,2024-11-18 00:02:03 , 6.0 , 0.0 ,20.0 ,  36.0 ,29.0 , 71.0 ,150.0 ,1024.0 ,22.0 ,1.0 ,73.0 ,26.0
404 ,   359 ,2024-11-17 23:02:02 , 6.0 , 0.0 ,20.0 ,  34.0 ,24.0 , 68.0 ,100.0 ,1024.0 ,20.0 ,1.0 ,76.0 ,28.0
405 ,   359 ,2024-11-17 22:02:02 , 7.0 , 0.0 ,20.0 ,  30.0 ,13.0 , 46.0 ,167.0 ,1024.0 ,12.0 ,1.0 ,89.0 ,28.0
406 ,   359 ,2024-11-17 21:02:02 , 8.0 , 0.0 ,21.0 ,  45.0 ,37.0 , 82.0 ,200.0 ,1022.0 ,27.0 ,2.0 ,73.0 ,29.0
407 ,   359 ,2024-11-17 20:02:02 , 8.0 , 1.0 ,22.0 ,  40.0 ,23.0 , 58.0 ,200.0 ,1022.0 ,17.0 ,2.0 ,71.0 ,32.0
408 ,   359 ,2024-11-17 19:02:03 , 7.0 , 1.0 ,22.0 ,  49.0 ,36.0 , 48.0 ,200.0 ,1022.0 ,12.0 ,3.0 ,68.0 ,35.0
409 ,   359 ,2024-11-17 18:02:03 , 8.0 , 1.0 ,24.0 ,  39.0 ,36.0 , 66.0 ,183.0 ,1022.0 ,19.0 ,3.0 ,64.0 ,38.0
410 ,   359 ,2024-11-17 17:02:03 , 8.0 , 1.0 ,26.0 ,  19.0 ,18.0 , 32.0 ,100.0 ,1024.0 , 8.0 ,1.0 ,56.0 ,15.0
411 ,   359 ,2024-11-17 16:02:02 , 8.0 , 1.0 ,27.0 ,  16.0 ,15.0 , 20.0 ,100.0 ,1024.0 , 5.0 ,1.0 ,48.0 ,15.0
412 ,   359 ,2024-11-17 15:02:02 , 8.0 , 1.0 ,27.0 ,  16.0 ,16.0 , 24.0 ,100.0 ,1024.0 , 6.0 ,1.0 ,53.0 ,15.0
413 ,   359 ,2024-11-17 14:02:03 , 8.0 , 1.0 ,26.0 ,  16.0 ,12.0 , 21.0 ,100.0 ,1024.0 , 5.0 ,1.0 ,54.0 ,15.0
414 ,   359 ,2024-11-17 13:02:03 , 8.0 , 1.0 ,24.0 ,  15.0 ,10.0 , 17.0 ,100.0 ,1024.0 , 4.0 ,1.0 ,56.0 ,15.0
415 ,   359 ,2024-11-17 12:02:03 , 8.0 , 1.0 ,24.0 ,  15.0 ,10.0 , 15.0 ,100.0 ,1024.0 , 3.0 ,1.0 ,57.0 ,15.0
416 ,   359 ,2024-11-17 11:02:03 , 8.0 , 1.0 ,23.0 ,  15.0 , 9.0 , 16.0 ,100.0 ,1024.0 , 4.0 ,1.0 ,61.0 ,15.0
417 ,   359 ,2024-11-17 10:02:02 , 9.0 , 1.0 ,23.0 ,  21.0 ,19.0 , 20.0 ,100.0 ,1024.0 , 5.0 ,2.0 ,77.0 ,13.0
418 ,   359 ,2024-11-17 09:02:03 , 9.0 , 1.0 ,24.0 ,  24.0 ,24.0 , 22.0 ,100.0 ,1024.0 , 5.0 ,2.0 ,75.0 ,12.0
419 ,   359 ,2024-11-17 08:02:03 , 8.0 , 1.0 ,23.0 ,  14.0 ,10.0 , 32.0 ,100.0 ,1024.0 , 8.0 ,2.0 ,69.0 ,12.0
420 ,   359 ,2024-11-17 07:02:03 , 5.0 , 1.0 ,18.0 ,  19.0 ,16.0 , 26.0 ,100.0 ,1024.0 , 4.0 ,2.0 ,79.0 ,15.0
421 ,   359 ,2024-11-17 06:02:02 , 4.0 , 0.0 ,19.0 ,  24.0 ,24.0 , 22.0 ,100.0 ,1023.0 , 1.0 ,1.0 ,88.0 ,16.0
422 ,   359 ,2024-11-17 05:02:03 , 6.0 , 0.0 ,19.0 ,  24.0 ,24.0 , 22.0 ,100.0 ,1023.0 , 3.0 ,2.0 ,88.0 ,16.0
423 ,   359 ,2024-11-17 04:02:02 , 6.0 , 1.0 ,19.0 ,  24.0 ,24.0 , 25.0 ,100.0 ,1023.0 , 6.0 ,2.0 ,87.0 ,14.0
424 ,   359 ,2024-11-17 03:02:03 , 9.0 , 1.0 ,20.0 ,  22.0 ,22.0 , 22.0 ,150.0 ,1023.0 , 5.0 ,2.0 ,84.0 ,13.0
425 ,   359 ,2024-11-17 02:02:03 ,12.0 , 0.0 ,20.0 ,  19.0 ,19.0 , 18.0 ,200.0 ,1024.0 , 3.0 ,1.0 ,89.0 ,12.0
426 ,   359 ,2024-11-17 01:02:03 ,12.0 , 0.0 ,19.0 ,  19.0 ,19.0 , 18.0 ,200.0 ,1024.0 , 3.0 ,1.0 ,93.0 ,12.0
427 ,   359 ,2024-11-17 00:02:03 ,13.0 , 0.0 ,20.0 ,  19.0 ,19.0 , 23.0 ,267.0 ,1024.0 , 5.0 ,1.0 ,87.0 ,11.0
428 ,   359 ,2024-11-16 23:02:03 ,16.0 , 0.0 ,20.0 ,  28.0 ,28.0 , 38.0 ,350.0 ,1024.0 , 9.0 ,2.0 ,85.0 , 9.0
429 ,   359 ,2024-11-16 22:02:03 ,20.0 , 0.0 ,19.0 ,  32.0 ,26.0 , 54.0 ,450.0 ,1024.0 ,14.0 ,3.0 ,92.0 , 7.0
430 ,   359 ,2024-11-16 21:02:03 ,18.0 , 0.0 ,21.0 ,  20.0 ,16.0 , 43.0 ,367.0 ,1024.0 ,11.0 ,1.0 ,82.0 , 8.0
431 ,   359 ,2024-11-16 20:02:02 ,14.0 , 0.0 ,22.0 ,  17.0 ,17.0 , 29.0 ,300.0 ,1023.0 , 7.0 ,1.0 ,78.0 ,12.0
432 ,   359 ,2024-11-16 19:02:03 ,10.0 , 1.0 ,22.0 ,  26.0 ,26.0 , 28.0 ,250.0 ,1023.0 , 6.0 ,2.0 ,77.0 ,18.0
433 ,   359 ,2024-11-16 18:02:03 , 8.0 , 1.0 ,23.0 ,  29.0 ,21.0 , 32.0 ,200.0 ,1022.0 , 7.0 ,2.0 ,73.0 ,25.0
434 ,   359 ,2024-11-16 17:02:03 , 7.0 , 1.0 ,24.0 ,  31.0 ,27.0 , 61.0 ,200.0 ,1022.0 ,17.0 ,3.0 ,75.0 ,31.0
435 ,   359 ,2024-11-16 16:02:02 , 8.0 , 1.0 ,24.0 ,  36.0 ,19.0 , 54.0 ,200.0 ,1022.0 ,14.0 ,3.0 ,76.0 ,36.0
436 ,   359 ,2024-11-16 15:02:02 ,10.0 , 1.0 ,24.0 ,  40.0 ,21.0 , 45.0 ,250.0 ,1022.0 , 8.0 ,4.0 ,73.0 ,40.0
437 ,   359 ,2024-11-16 14:02:03 ,11.0 , 2.0 ,24.0 ,  48.0 ,28.0 , 45.0 ,300.0 ,1023.0 , 4.0 ,3.0 ,70.0 ,48.0
438 ,   359 ,2024-11-16 13:02:03 ,12.0 , 1.0 ,22.0 ,  41.0 ,14.0 , 52.0 ,250.0 ,1023.0 ,10.0 ,2.0 ,79.0 ,41.0
439 ,   359 ,2024-11-16 12:02:03 ,12.0 , 0.0 ,21.0 ,  21.0 ,11.0 , 41.0 ,200.0 ,1024.0 ,10.0 ,1.0 ,83.0 ,16.0
440 ,   359 ,2024-11-16 11:02:02 ,12.0 , 0.0 ,20.0 ,  16.0 ,16.0 , 33.0 ,200.0 ,1025.0 , 8.0 ,1.0 ,82.0 , 9.0
441 ,   359 ,2024-11-16 10:02:03 ,12.0 , 0.0 ,21.0 ,  19.0 ,12.0 , 43.0 ,200.0 ,1024.0 ,11.0 ,1.0 ,78.0 , 9.0
442 ,   359 ,2024-11-16 09:02:03 ,11.0 , 0.0 ,21.0 ,  18.0 , 8.0 , 46.0 ,200.0 ,1024.0 ,11.0 ,1.0 ,79.0 , 9.0
443 ,   359 ,2024-11-16 08:02:03 ,13.0 , 0.0 ,20.0 ,  39.0 ,39.0 , 59.0 ,300.0 ,1023.0 ,16.0 ,1.0 ,84.0 , 7.0
444 ,   359 ,2024-11-16 07:02:03 ,14.0 , 0.0 ,19.0 ,  42.0 ,42.0 , 59.0 ,300.0 ,1023.0 ,16.0 ,0.0 ,89.0 , 7.0
445 ,   359 ,2024-11-16 06:02:03 ,15.0 , 0.0 ,19.0 ,  37.0 ,37.0 , 59.0 ,300.0 ,1022.0 ,16.0 ,0.0 ,94.0 , 6.0
446 ,   359 ,2024-11-16 05:02:03 ,15.0 , 0.0 ,19.0 ,  20.0 ,19.0 , 50.0 ,300.0 ,1022.0 ,12.0 ,0.0 ,94.0 , 7.0
447 ,   359 ,2024-11-16 04:02:02 ,11.0 , 0.0 ,19.0 ,  67.0 ,67.0 , 61.0 ,200.0 ,1022.0 ,17.0 ,0.0 ,94.0 , 9.0
448 ,   359 ,2024-11-16 03:02:03 ,11.0 , 0.0 ,19.0 ,  29.0 ,29.0 , 50.0 ,200.0 ,1022.0 ,12.0 ,0.0 ,94.0 , 9.0
449 ,   359 ,2024-11-16 02:02:03 ,12.0 , 0.0 ,19.0 ,  45.0 ,45.0 , 52.0 ,200.0 ,1022.0 ,11.0 ,1.0 ,94.0 , 9.0
450 ,   359 ,2024-11-16 01:02:03 ,12.0 , 0.0 ,19.0 ,  11.0 ,11.0 , 25.0 ,200.0 ,1024.0 , 6.0 ,0.0 ,93.0 , 9.0
451 ,   359 ,2024-11-16 00:02:03 ,11.0 , 0.0 ,20.0 ,  18.0 ,18.0 , 27.0 ,200.0 ,1024.0 , 7.0 ,0.0 ,83.0 ,10.0
452 ,   359 ,2024-11-15 23:02:02 ,10.0 , 0.0 ,20.0 ,  15.0 ,15.0 , 29.0 ,200.0 ,1025.0 , 7.0 ,1.0 ,85.0 ,12.0
453 ,   359 ,2024-11-15 22:02:03 , 9.0 , 2.0 ,19.0 ,  35.0 ,27.0 , 70.0 ,200.0 ,1024.0 ,21.0 ,3.0 ,94.0 ,15.0
454 ,   359 ,2024-11-15 21:02:03 , 9.0 , 2.0 ,19.0 ,  35.0 ,27.0 , 70.0 ,200.0 ,1024.0 ,21.0 ,3.0 ,93.0 ,15.0
455 ,   359 ,2024-11-15 20:02:03 ,10.0 , 2.0 ,19.0 ,  26.0 ,18.0 , 58.0 ,200.0 ,1023.0 ,16.0 ,3.0 ,88.0 ,16.0
456 ,   359 ,2024-11-15 19:02:03 ,10.0 , 1.0 ,19.0 ,  26.0 ,18.0 , 58.0 ,200.0 ,1023.0 ,16.0 ,2.0 ,88.0 ,22.0
457 ,   359 ,2024-11-15 18:02:03 ,10.0 , 1.0 ,20.0 ,  36.0 ,29.0 , 71.0 ,200.0 ,1022.0 ,22.0 ,2.0 ,87.0 ,29.0
458 ,   359 ,2024-11-15 17:02:02 , 9.0 , 3.0 ,21.0 ,  35.0 ,32.0 , 66.0 ,200.0 ,1023.0 ,20.0 ,5.0 ,81.0 ,34.0
459 ,   359 ,2024-11-15 16:02:02 ,11.0 , 0.0 ,23.0 ,  12.0 , 9.0 , 13.0 ,200.0 ,1025.0 , 3.0 ,2.0 ,72.0 ,12.0
460 ,   359 ,2024-11-15 15:02:03 ,11.0 , 0.0 ,25.0 ,  12.0 , 9.0 , 13.0 ,200.0 ,1025.0 , 3.0 ,2.0 ,64.0 ,12.0
461 ,   359 ,2024-11-15 14:02:03 ,11.0 , 0.0 ,25.0 ,  12.0 , 9.0 , 13.0 ,200.0 ,1025.0 , 3.0 ,2.0 ,62.0 ,12.0
462 ,   359 ,2024-11-15 13:02:02 ,11.0 , 0.0 ,24.0 ,  12.0 , 9.0 , 13.0 ,200.0 ,1025.0 , 3.0 ,2.0 ,66.0 ,12.0
463 ,   359 ,2024-11-15 12:02:02 ,11.0 , 0.0 ,21.0 ,  12.0 , 9.0 , 13.0 ,200.0 ,1025.0 , 3.0 ,2.0 ,75.0 ,12.0
464 ,   359 ,2024-11-15 11:02:03 ,11.0 , 0.0 ,23.0 ,  12.0 , 9.0 , 13.0 ,200.0 ,1025.0 , 3.0 ,2.0 ,85.0 ,12.0
465 ,   359 ,2024-11-15 10:02:03 ,11.0 , 0.0 ,22.0 ,  12.0 , 9.0 , 13.0 ,200.0 ,1025.0 , 3.0 ,2.0 ,91.0 ,12.0
466 ,   359 ,2024-11-15 09:02:03 ,11.0 , 0.0 ,19.0 ,  12.0 , 9.0 , 13.0 ,200.0 ,1025.0 , 3.0 ,2.0 ,78.0 ,12.0
467 ,   359 ,2024-11-15 08:02:02 ,12.0 , 0.0 ,18.0 ,  65.0 ,65.0 , 56.0 ,100.0 ,1024.0 , 5.0 ,2.0 ,78.0 ,10.0
468 ,   359 ,2024-11-15 07:02:03 ,12.0 , 0.0 ,17.0 ,  65.0 ,65.0 , 56.0 ,100.0 ,1024.0 , 5.0 ,2.0 ,85.0 ,10.0
469 ,   359 ,2024-11-15 06:02:03 ,11.0 , 0.0 ,17.0 ,  13.0 ,10.0 , 12.0 ,100.0 ,1023.0 , 2.0 ,1.0 ,94.0 ,12.0
470 ,   359 ,2024-11-15 05:02:03 , 8.0 , 1.0 ,17.0 ,  23.0 ,23.0 , 21.0 ,100.0 ,1022.0 , 4.0 ,1.0 ,94.0 ,15.0
471 ,   359 ,2024-11-15 04:02:03 ,13.0 , 1.0 ,17.0 ,   9.0 , 5.0 , 17.0 ,200.0 ,1022.0 , 4.0 ,2.0 ,94.0 , 9.0
472 ,   359 ,2024-11-15 03:02:02 ,13.0 , 0.0 ,17.0 ,  18.0 ,15.0 , 46.0 ,200.0 ,1022.0 ,11.0 ,1.0 ,94.0 , 9.0
473 ,   359 ,2024-11-15 02:02:03 ,12.0 , 0.0 ,17.0 ,  29.0 ,29.0 , 50.0 ,200.0 ,1024.0 ,12.0 ,1.0 ,94.0 ,10.0
474 ,   359 ,2024-11-15 01:02:03 ,12.0 , 0.0 ,17.0 ,  29.0 ,29.0 , 50.0 ,200.0 ,1024.0 ,12.0 ,1.0 ,90.0 ,10.0
475 ,   359 ,2024-11-15 00:02:03 ,14.0 , 1.0 ,17.0 ,  18.0 ,12.0 , 46.0 ,200.0 ,1024.0 ,11.0 ,2.0 ,83.0 ,10.0
476 ,   359 ,2024-11-14 23:02:03 ,14.0 , 1.0 ,17.0 ,  24.0 ,24.0 , 40.0 ,217.0 ,1025.0 ,10.0 ,2.0 ,84.0 , 9.0
477 ,   359 ,2024-11-14 22:02:02 ,14.0 , 1.0 ,17.0 ,  24.0 ,24.0 , 33.0 ,300.0 ,1025.0 , 8.0 ,3.0 ,90.0 ,10.0
478 ,   359 ,2024-11-14 21:02:03 ,16.0 , 0.0 ,17.0 ,  17.0 ,17.0 , 29.0 ,300.0 ,1024.0 , 7.0 ,2.0 ,83.0 ,10.0
479 ,   359 ,2024-11-14 20:02:02 ,15.0 , 1.0 ,17.0 ,  23.0 ,21.0 , 55.0 ,200.0 ,1024.0 ,14.0 ,2.0 ,83.0 ,11.0
480 ,   359 ,2024-11-14 19:02:03 ,15.0 , 1.0 ,17.0 ,  26.0 ,20.0 , 59.0 ,250.0 ,1023.0 ,16.0 ,2.0 ,82.0 ,11.0
481 ,   359 ,2024-11-14 18:02:02 ,17.0 , 1.0 ,18.0 ,  29.0 ,20.0 , 62.0 ,300.0 ,1023.0 ,17.0 ,2.0 ,77.0 ,10.0
482 ,   359 ,2024-11-14 17:02:02 ,20.0 , 0.0 ,18.0 ,  28.0 ,21.0 , 58.0 ,233.0 ,1023.0 ,16.0 ,2.0 ,77.0 ,11.0
483 ,   359 ,2024-11-14 16:02:02 ,17.0 , 1.0 ,18.0 ,  32.0 ,28.0 , 55.0 ,200.0 ,1023.0 ,14.0 ,2.0 ,78.0 ,15.0
484 ,   359 ,2024-11-14 15:02:03 ,18.0 , 2.0 ,19.0 ,  31.0 ,31.0 , 48.0 ,267.0 ,1023.0 ,12.0 ,3.0 ,78.0 ,15.0
485 ,   359 ,2024-11-14 14:02:03 ,20.0 , 1.0 ,20.0 ,  32.0 ,32.0 , 53.0 ,300.0 ,1023.0 ,14.0 ,3.0 ,77.0 ,15.0
486 ,   359 ,2024-11-14 13:02:02 ,18.0 , 1.0 ,20.0 ,  24.0 ,24.0 , 33.0 ,300.0 ,1024.0 , 8.0 ,2.0 ,76.0 ,12.0
487 ,   359 ,2024-11-14 12:02:03 ,15.0 , 1.0 ,19.0 ,  18.0 ,11.0 , 46.0 ,100.0 ,1024.0 ,11.0 ,3.0 ,79.0 ,14.0
488 ,   359 ,2024-11-14 11:02:02 ,10.0 , 1.0 ,18.0 ,  18.0 ,15.0 , 46.0 ,100.0 ,1023.0 ,11.0 ,2.0 ,83.0 ,14.0
489 ,   359 ,2024-11-14 10:02:02 , 8.0 , 1.0 ,17.0 ,  18.0 ,17.0 , 46.0 ,100.0 ,1023.0 ,11.0 ,2.0 ,83.0 ,14.0
490 ,   359 ,2024-11-14 09:02:03 , 8.0 , 1.0 ,17.0 ,  18.0 ,17.0 , 46.0 ,100.0 ,1023.0 ,11.0 ,2.0 ,84.0 ,14.0
491 ,   359 ,2024-11-14 08:02:02 , 8.0 , 1.0 ,16.0 ,  18.0 ,17.0 , 46.0 ,100.0 ,1023.0 ,11.0 ,2.0 ,87.0 ,14.0
492 ,   359 ,2024-11-14 07:02:03 , 8.0 , 1.0 ,16.0 ,  18.0 ,17.0 , 46.0 ,100.0 ,1023.0 ,11.0 ,2.0 ,88.0 ,14.0
493 ,   359 ,2024-11-14 06:02:02 , 8.0 , 1.0 ,15.0 ,  18.0 ,17.0 , 46.0 ,100.0 ,1023.0 ,11.0 ,2.0 ,93.0 ,14.0
494 ,   359 ,2024-11-14 05:02:03 , 5.0 , 0.0 ,15.0 ,  18.0 ,11.0 , 17.0 ,  0.0 ,1022.0 , 2.0 ,2.0 ,88.0 ,18.0
495 ,   359 ,2024-11-14 04:02:03 , 6.0 , 0.0 ,15.0 ,  22.0 ,19.0 , 37.0 ,100.0 ,1022.0 , 8.0 ,1.0 ,88.0 ,20.0
496 ,   359 ,2024-11-14 03:02:03 ,10.0 , 1.0 ,15.0 ,  21.0 ,21.0 , 33.0 ,100.0 ,1022.0 , 8.0 ,3.0 ,86.0 ,16.0
497 ,   359 ,2024-11-14 02:02:03 ,12.0 , 1.0 ,15.0 ,  20.0 ,20.0 , 29.0 ,100.0 ,1023.0 , 7.0 ,3.0 ,84.0 ,14.0
498 ,   359 ,2024-11-14 01:02:03 ,10.0 , 0.0 ,15.0 ,  15.0 ,11.0 , 29.0 ,100.0 ,1023.0 , 7.0 ,2.0 ,89.0 ,15.0
499 ,   359 ,2024-11-14 00:02:03 ,10.0 , 0.0 ,15.0 ,  16.0 ,14.0 , 26.0 ,100.0 ,1024.0 , 6.0 ,2.0 ,77.0 ,15.0
500 ,   359 ,2024-11-13 23:02:03 ,11.0 , 0.0 ,15.0 ,  21.0 ,21.0 , 42.0 ,167.0 ,1024.0 ,10.0 ,1.0 ,85.0 ,14.0
501 ,   359 ,2024-11-13 22:02:03 ,12.0 , 1.0 ,15.0 ,  19.0 ,16.0 , 34.0 ,200.0 ,1024.0 , 8.0 ,2.0 ,90.0 ,14.0
502 ,   359 ,2024-11-13 21:02:02 ,12.0 , 1.0 ,16.0 ,  23.0 ,21.0 , 36.0 ,200.0 ,1023.0 , 9.0 ,3.0 ,78.0 ,14.0
503 ,   359 ,2024-11-13 20:02:02 ,18.0 , 0.0 ,15.0 ,  28.0 ,28.0 , 61.0 ,200.0 ,1023.0 ,17.0 ,2.0 ,82.0 ,11.0
504 ,   359 ,2024-11-13 19:02:02 ,18.0 , 1.0 ,16.0 ,  47.0 ,47.0 , 50.0 ,200.0 ,1022.0 ,12.0 ,2.0 ,81.0 ,15.0
505 ,   359 ,2024-11-13 18:02:02 ,22.0 , 1.0 ,17.0 ,  21.0 ,20.0 , 38.0 ,283.0 ,1021.0 , 9.0 ,2.0 ,78.0 ,12.0
506 ,   359 ,2024-11-13 17:02:03 ,18.0 , 1.0 ,17.0 ,  17.0 ,10.0 , 17.0 ,200.0 ,1020.0 , 4.0 ,3.0 ,83.0 ,17.0
507 ,   359 ,2024-11-13 16:02:03 ,18.0 , 1.0 ,14.0 ,  18.0 ,13.0 , 42.0 ,302.0 ,       ,10.0 ,    ,71.0 ,10.0
508 ,   359 ,2024-11-13 15:02:03 ,19.0 , 1.0 ,12.0 ,  11.0 ,10.0 , 26.0 ,303.0 ,       , 6.0 ,    ,60.0 , 2.0
509 ,   359 ,2024-11-13 14:02:03 ,18.0 , 1.0 ,12.0 ,  10.0 ,10.0 , 25.0 ,315.0 ,       , 6.0 ,    ,57.0 , 2.0
510 ,   359 ,2024-11-13 13:02:02 ,17.0 , 1.0 ,12.0 ,   8.0 , 8.0 , 14.0 ,299.0 ,       , 3.0 ,    ,58.0 , 1.0
511 ,   359 ,2024-11-13 12:02:03 ,15.0 , 1.0 ,13.0 ,   9.0 , 7.0 , 16.0 ,250.0 ,1018.0 , 4.0 ,2.0 ,63.0 , 4.0
512 ,   359 ,2024-11-13 11:02:02 , 8.0 , 0.0 ,16.0 ,  19.0 , 9.0 , 29.0 ,100.0 ,1018.0 , 7.0 ,2.0 ,88.0 ,19.0
513 ,   359 ,2024-11-13 10:02:03 , 8.0 , 0.0 ,16.0 ,  19.0 , 9.0 , 29.0 ,100.0 ,1018.0 , 7.0 ,2.0 ,89.0 ,19.0
514 ,   359 ,2024-11-13 09:02:03 , 8.0 , 0.0 ,16.0 ,  19.0 , 9.0 , 29.0 ,100.0 ,1018.0 , 7.0 ,2.0 ,93.0 ,19.0
515 ,   359 ,2024-11-13 08:02:58 , 7.0 , 1.0 ,13.0 ,  10.0 , 6.0 , 18.0 , 92.0 ,       , 4.0 ,    ,72.0 ,10.0
516 ,   359 ,2024-11-13 07:02:03 , 6.0 , 1.0 ,11.0 ,   6.0 , 4.0 , 13.0 , 70.0 ,       , 3.0 ,    ,66.0 , 6.0
517 ,   359 ,2024-11-13 06:02:02 , 4.0 , 0.0 ,12.0 ,   8.0 , 6.0 , 13.0 , 58.0 ,       , 3.0 ,    ,66.0 , 8.0
518 ,   359 ,2024-11-13 05:02:02 , 4.0 , 0.0 ,12.0 ,   8.0 , 6.0 , 13.0 , 47.0 ,       , 3.0 ,    ,66.0 , 8.0
519 ,   359 ,2024-11-13 04:02:03 , 6.0 , 1.0 ,15.0 ,  14.0 , 7.0 , 21.0 , 74.0 ,1018.0 , 5.0 ,2.0 ,79.0 ,14.0
520 ,   359 ,2024-11-13 03:05:19 , 8.0 , 0.0 ,18.0 ,  19.0 , 9.0 , 29.0 ,100.0 ,1018.0 , 7.0 ,2.0 ,88.0 ,19.0
521 ,   359 ,2024-11-13 02:02:03 , 5.0 , 1.0 ,13.0 ,   8.0 , 6.0 , 13.0 , 70.0 ,       , 3.0 ,    ,63.0 , 8.0
522 ,   359 ,2024-11-13 01:02:03 , 5.0 , 1.0 ,12.0 ,   8.0 , 7.0 , 10.0 , 70.0 ,       , 2.0 ,    ,66.0 , 8.0
523 ,   359 ,2024-11-13 00:02:03 , 5.0 , 1.0 ,13.0 ,   9.0 , 6.0 , 13.0 , 70.0 ,       , 3.0 ,    ,63.0 , 9.0
524 ,   359 ,2024-11-12 23:02:03 , 6.0 , 1.0 ,13.0 ,   8.0 , 8.0 ,  8.0 , 70.0 ,       , 2.0 ,    ,64.0 , 8.0
525 ,   359 ,2024-11-12 22:02:03 , 6.0 , 1.0 ,13.0 ,   8.0 , 8.0 ,  8.0 , 70.0 ,       , 2.0 ,    ,63.0 , 8.0
526 ,   359 ,2024-11-12 21:02:02 , 6.0 , 1.0 ,13.0 ,   8.0 , 5.0 ,  7.0 ,117.0 ,       , 1.0 ,    ,61.0 , 8.0
527 ,   359 ,2024-11-12 20:02:02 , 6.0 , 1.0 ,13.0 ,   8.0 , 6.0 , 11.0 , 93.0 ,       , 3.0 ,    ,61.0 , 8.0
528 ,   359 ,2024-11-12 19:02:02 , 7.0 , 1.0 ,14.0 ,  14.0 ,14.0 , 25.0 , 93.0 ,       , 6.0 ,    ,62.0 , 7.0
529 ,   359 ,2024-11-12 18:02:03 , 7.0 , 1.0 ,14.0 ,  16.0 ,16.0 , 33.0 , 93.0 ,       , 8.0 ,    ,63.0 , 7.0
530 ,   359 ,2024-11-12 17:02:02 , 6.0 , 1.0 ,14.0 ,  29.0 ,29.0 , 55.0 , 74.0 ,       ,14.0 ,    ,62.0 ,10.0
531 ,   359 ,2024-11-12 16:02:03 , 6.0 , 1.0 ,15.0 ,  35.0 ,35.0 , 57.0 , 93.0 ,       ,15.0 ,    ,58.0 ,10.0
532 ,   359 ,2024-11-12 15:02:03 ,15.0 , 2.0 ,24.0 ,  67.0 ,60.0 ,112.0 ,200.0 ,1017.0 ,40.0 ,6.0 ,80.0 ,36.0
533 ,   359 ,2024-11-12 14:02:03 ,14.0 , 2.0 ,22.0 ,  43.0 ,40.0 , 72.0 ,182.0 ,       ,24.0 ,    ,63.0 ,27.0
534 ,   359 ,2024-11-12 13:02:03 ,15.0 , 1.0 ,21.0 ,  21.0 ,21.0 , 30.0 ,202.0 ,       , 7.0 ,    ,28.0 ,16.0
535 ,   359 ,2024-11-12 12:02:03 ,18.0 , 1.0 ,20.0 ,  27.0 ,27.0 , 50.0 ,280.0 ,       ,12.0 ,    ,30.0 ,16.0
536 ,   359 ,2024-11-12 11:02:02 ,25.0 , 1.0 ,20.0 ,  32.0 ,32.0 , 55.0 ,373.0 ,       ,14.0 ,    ,28.0 ,11.0
537 ,   359 ,2024-11-12 10:02:02 ,32.0 , 1.0 ,18.0 ,  35.0 ,35.0 , 59.0 ,490.0 ,       ,16.0 ,    ,34.0 , 3.0
538 ,   359 ,2024-11-12 09:02:03 ,27.0 , 0.0 ,19.0 ,  38.0 ,38.0 , 61.0 ,490.0 ,       ,17.0 ,    ,34.0 , 1.0
539 ,   359 ,2024-11-12 08:07:03 ,37.0 , 0.0 ,22.0 ,  53.0 ,52.0 , 90.0 ,630.0 ,1018.0 ,30.0 ,0.0 ,50.0 , 4.0
540 ,   359 ,2024-11-12 07:07:03 ,30.0 , 0.0 ,20.0 ,  48.0 ,47.0 , 83.0 ,587.0 ,       ,27.0 ,    ,47.0 , 3.0
541 ,   359 ,2024-11-12 06:07:03 ,19.0 , 0.0 ,13.0 ,  35.0 ,35.0 , 68.0 ,435.0 ,       ,20.0 ,    ,53.0 , 1.0
542 ,   359 ,2024-11-12 05:07:03 ,22.0 , 0.0 ,14.0 ,  37.0 ,37.0 , 68.0 ,493.0 ,       ,20.0 ,    ,48.0 , 1.0
543 ,   359 ,2024-11-12 04:07:02 ,23.0 , 1.0 ,15.0 ,  33.0 ,33.0 , 64.0 ,607.0 ,       ,18.0 ,    ,45.0 , 1.0
544 ,   359 ,2024-11-12 03:07:02 ,24.0 , 1.0 ,14.0 ,  26.0 ,26.0 , 58.0 ,719.0 ,       ,16.0 ,    ,46.0 , 1.0
545 ,   359 ,2024-11-12 02:07:02 ,27.0 , 0.0 ,14.0 ,  23.0 ,23.0 , 42.0 ,611.0 ,       ,10.0 ,    ,48.0 , 1.0
546 ,   359 ,2024-11-12 01:07:02 ,26.0 , 0.0 ,15.0 ,  20.0 ,20.0 , 38.0 ,546.0 ,       , 9.0 ,    ,43.0 , 1.0
547 ,   359 ,2024-11-12 00:07:03 ,28.0 , 0.0 ,13.0 ,  17.0 ,17.0 , 33.0 ,471.0 ,       , 8.0 ,    ,51.0 , 1.0
548 ,   359 ,2024-11-11 23:07:03 ,28.0 , 0.0 ,15.0 ,  15.0 ,15.0 , 29.0 ,404.0 ,       , 7.0 ,    ,42.0 , 1.0
549 ,   359 ,2024-11-11 22:07:02 ,26.0 , 0.0 ,18.0 ,  24.0 ,23.0 , 45.0 ,335.0 ,1019.0 ,13.0 ,0.0 ,48.0 , 7.0
550 ,   359 ,2024-11-11 21:07:02 ,24.0 , 0.0 ,24.0 ,  46.0 ,42.0 , 84.0 ,360.0 ,1019.0 ,28.0 ,0.0 ,47.0 ,18.0
551 ,   359 ,2024-11-11 20:07:02 ,18.0 , 0.0 ,20.0 ,  37.0 ,34.0 , 62.0 ,220.0 ,       ,20.0 ,    ,44.0 ,12.0
552 ,   359 ,2024-11-11 19:07:03 ,16.0 , 0.0 ,17.0 ,  18.0 ,18.0 , 27.0 ,175.0 ,       , 7.0 ,    ,37.0 , 5.0
553 ,   359 ,2024-11-11 18:07:02 ,17.0 , 0.0 ,17.0 ,  19.0 ,19.0 , 25.0 ,191.0 ,       , 6.0 ,    ,42.0 , 7.0
554 ,   359 ,2024-11-11 17:07:03 ,16.0 , 0.0 ,19.0 ,  18.0 ,18.0 , 25.0 ,163.0 ,       , 6.0 ,    ,34.0 , 8.0
555 ,   359 ,2024-11-11 16:07:03 ,15.0 , 1.0 ,21.0 ,  18.0 ,18.0 , 25.0 ,163.0 ,       , 6.0 ,    ,21.0 , 8.0
556 ,   359 ,2024-11-11 15:07:03 ,14.0 , 1.0 ,21.0 ,  21.0 ,21.0 , 33.0 ,163.0 ,       , 8.0 ,    ,21.0 , 8.0
557 ,   359 ,2024-11-11 14:07:03 ,13.0 , 1.0 ,20.0 ,  22.0 ,22.0 , 33.0 ,163.0 ,       , 8.0 ,    ,26.0 , 8.0
558 ,   359 ,2024-11-11 13:07:02 ,14.0 , 1.0 ,20.0 ,  22.0 ,22.0 , 38.0 ,185.0 ,       , 9.0 ,    ,29.0 , 6.0
559 ,   359 ,2024-11-11 12:07:02 ,14.0 , 1.0 ,19.0 ,  20.0 ,20.0 , 36.0 ,210.0 ,       , 8.0 ,    ,36.0 , 6.0
560 ,   359 ,2024-11-11 11:07:02 ,11.0 , 1.0 ,19.0 ,  17.0 ,17.0 , 42.0 ,289.0 ,       ,10.0 ,    ,36.0 , 3.0
561 ,   359 ,2024-11-11 10:07:02 ,12.0 , 1.0 ,19.0 ,  17.0 ,17.0 , 42.0 ,303.0 ,       ,10.0 ,    ,36.0 , 1.0
562 ,   359 ,2024-11-11 09:07:03 ,10.0 , 1.0 ,17.0 ,  16.0 ,16.0 , 36.0 ,303.0 ,       , 8.0 ,    ,41.0 , 0.0
563 ,   359 ,2024-11-11 08:07:02 ,10.0 , 1.0 ,16.0 ,  15.0 ,15.0 , 33.0 ,294.0 ,       , 8.0 ,    ,46.0 , 0.0
564 ,   359 ,2024-11-11 07:07:03 , 9.0 , 1.0 ,14.0 ,  15.0 ,15.0 , 33.0 ,161.0 ,       , 8.0 ,    ,52.0 , 1.0
565 ,   359 ,2024-11-11 06:07:03 , 9.0 , 1.0 ,11.0 ,  15.0 ,14.0 , 38.0 ,117.0 ,       , 9.0 ,    ,57.0 , 1.0
566 ,   359 ,2024-11-11 05:07:03 , 8.0 , 1.0 ,11.0 ,  13.0 ,13.0 , 33.0 ,117.0 ,       , 8.0 ,    ,57.0 , 1.0
567 ,   359 ,2024-11-11 04:07:03 , 6.0 , 1.0 ,11.0 ,  13.0 ,13.0 , 33.0 ,117.0 ,       , 8.0 ,    ,57.0 , 2.0
568 ,   359 ,2024-11-11 03:07:03 , 6.0 , 1.0 ,11.0 ,  13.0 ,13.0 , 33.0 ,117.0 ,       , 8.0 ,    ,57.0 , 3.0
569 ,   359 ,2024-11-11 02:07:03 , 6.0 , 0.0 ,16.0 ,  18.0 ,11.0 , 29.0 ,102.0 ,1021.0 , 7.0 ,1.0 ,80.0 ,16.0
570 ,   359 ,2024-11-11 01:07:03 , 8.0 , 1.0 ,10.0 ,  16.0 ,14.0 , 38.0 ,138.0 ,       , 9.0 ,    ,62.0 , 1.0
571 ,   359 ,2024-11-11 00:07:03 ,10.0 , 1.0 ,11.0 ,  15.0 ,14.0 , 38.0 ,196.0 ,       , 9.0 ,    ,55.0 , 1.0
572 ,   359 ,2024-11-10 23:07:03 ,11.0 , 1.0 ,11.0 ,  12.0 ,10.0 , 30.0 ,231.0 ,       , 7.0 ,    ,57.0 , 1.0
573 ,   359 ,2024-11-10 22:07:02 ,12.0 , 1.0 ,10.0 ,  11.0 ,10.0 , 28.0 ,238.0 ,       , 7.0 ,    ,59.0 , 2.0
574 ,   359 ,2024-11-10 21:07:03 ,11.0 , 1.0 ,11.0 ,  13.0 ,13.0 , 33.0 ,186.0 ,       , 8.0 ,    ,59.0 , 3.0
575 ,   359 ,2024-11-10 20:07:03 ,11.0 , 1.0 ,12.0 ,  15.0 ,14.0 , 37.0 ,163.0 ,       , 9.0 ,    ,56.0 , 3.0
576 ,   359 ,2024-11-10 19:07:03 ,12.0 , 1.0 ,13.0 ,  16.0 ,15.0 , 40.0 ,142.0 ,       ,10.0 ,    ,58.0 , 5.0
577 ,   359 ,2024-11-10 18:07:02 ,11.0 , 2.0 ,12.0 ,  16.0 ,15.0 , 38.0 ,140.0 ,       , 9.0 ,    ,57.0 , 6.0
578 ,   359 ,2024-11-10 17:07:03 , 6.0 , 2.0 ,20.0 ,  67.0 ,60.0 ,112.0 ,100.0 ,1021.0 ,40.0 ,4.0 ,73.0 ,34.0
579 ,   359 ,2024-11-10 16:07:03 ,11.0 , 1.0 ,16.0 ,  19.0 ,19.0 , 34.0 ,157.0 ,       , 9.0 ,    ,51.0 ,10.0
580 ,   359 ,2024-11-10 15:07:03 ,10.0 , 1.0 ,15.0 ,  13.0 ,13.0 , 25.0 ,163.0 ,       , 6.0 ,    ,48.0 , 7.0
581 ,   359 ,2024-11-10 14:07:03 , 5.0 , 1.0 ,22.0 ,  30.0 ,12.0 , 33.0 ,106.0 ,1022.0 , 8.0 ,3.0 ,63.0 ,30.0
582 ,   359 ,2024-11-10 13:07:02 , 8.0 , 1.0 ,16.0 ,  13.0 , 9.0 , 25.0 ,126.0 ,       , 6.0 ,    ,47.0 , 9.0
583 ,   359 ,2024-11-10 12:07:03 , 7.0 , 2.0 ,16.0 ,   7.0 , 7.0 , 12.0 ,103.0 ,       , 3.0 ,    ,42.0 , 6.0
584 ,   359 ,2024-11-10 11:07:03 , 7.0 , 1.0 ,16.0 ,   8.0 , 8.0 , 13.0 ,105.0 ,       , 3.0 ,    ,43.0 , 6.0
585 ,   359 ,2024-11-10 10:07:03 , 6.0 , 1.0 ,15.0 ,   7.0 , 7.0 , 13.0 , 82.0 ,       , 3.0 ,    ,48.0 , 5.0
586 ,   359 ,2024-11-10 09:07:03 , 7.0 , 1.0 ,17.0 ,  12.0 ,11.0 , 24.0 , 96.0 ,1024.0 , 6.0 ,2.0 ,66.0 , 9.0
587 ,   359 ,2024-11-10 08:07:02 , 8.0 , 0.0 ,18.0 ,  17.0 ,15.0 , 42.0 ,100.0 ,1024.0 ,10.0 ,2.0 ,83.0 ,15.0
588 ,   359 ,2024-11-10 07:07:03 , 8.0 , 1.0 ,12.0 ,  10.0 ,10.0 , 13.0 ,105.0 ,       , 3.0 ,    ,59.0 , 3.0
589 ,   359 ,2024-11-10 06:07:03 , 8.0 , 1.0 ,11.0 ,  10.0 ,10.0 , 15.0 , 93.0 ,       , 4.0 ,    ,62.0 , 3.0
590 ,   359 ,2024-11-10 05:07:03 , 8.0 , 1.0 ,10.0 ,   8.0 , 8.0 , 21.0 , 93.0 ,       , 5.0 ,    ,64.0 , 3.0
591 ,   359 ,2024-11-10 04:07:03 , 8.0 , 1.0 ,10.0 ,  10.0 ,10.0 , 17.0 , 93.0 ,       , 4.0 ,    ,66.0 , 3.0
592 ,   359 ,2024-11-10 03:07:02 ,10.0 , 2.0 ,14.0 ,  19.0 ,17.0 , 46.0 ,189.0 ,1025.0 ,11.0 ,3.0 ,85.0 ,14.0
593 ,   359 ,2024-11-10 02:07:03 ,10.0 , 2.0 ,16.0 ,  20.0 ,18.0 , 50.0 ,200.0 ,1025.0 ,12.0 ,3.0 ,88.0 ,15.0
594 ,   359 ,2024-11-10 01:07:03 ,10.0 , 2.0 ,16.0 ,  20.0 ,18.0 , 50.0 ,200.0 ,1025.0 ,12.0 ,3.0 ,90.0 ,15.0
595 ,   359 ,2024-11-10 00:07:03 ,10.0 , 2.0 ,15.0 ,  20.0 ,18.0 , 50.0 ,200.0 ,1025.0 ,12.0 ,3.0 ,94.0 ,15.0
596 ,   359 ,2024-11-09 23:07:02 ,10.0 , 2.0 ,15.0 ,  20.0 ,18.0 , 50.0 ,200.0 ,1025.0 ,12.0 ,3.0 ,94.0 ,15.0
597 ,   359 ,2024-11-09 22:07:03 ,10.0 , 1.0 ,12.0 ,  10.0 ,10.0 , 17.0 ,186.0 ,       , 4.0 ,    ,64.0 , 3.0
598 ,   359 ,2024-11-09 21:07:03 ,10.0 , 1.0 ,11.0 ,  10.0 ,10.0 , 21.0 ,210.0 ,       , 5.0 ,    ,66.0 , 2.0
599 ,   359 ,2024-11-09 20:07:03 ,10.0 , 1.0 ,12.0 ,  10.0 , 6.0 , 25.0 ,168.0 ,       , 6.0 ,    ,60.0 , 2.0
600 ,   359 ,2024-11-09 19:07:03 ,10.0 , 2.0 ,12.0 ,  51.0 ,50.0 , 57.0 ,163.0 ,       ,16.0 ,    ,62.0 , 3.0
601 ,   359 ,2024-11-09 18:07:03 ,11.0 , 2.0 ,13.0 ,  56.0 ,56.0 , 61.0 ,154.0 ,       ,17.0 ,    ,59.0 , 2.0
602 ,   359 ,2024-11-09 17:07:02 ,11.0 , 2.0 ,13.0 ,  66.0 ,66.0 , 61.0 ,161.0 ,       ,13.0 ,    ,59.0 , 3.0
603 ,   359 ,2024-11-09 16:07:03 ,12.0 , 1.0 ,14.0 ,  13.0 ,13.0 , 18.0 ,187.0 ,       , 4.0 ,    ,56.0 , 3.0
604 ,   359 ,2024-11-09 15:07:03 ,12.0 , 1.0 ,14.0 ,   7.0 , 6.0 , 17.0 ,198.0 ,       , 4.0 ,    ,57.0 , 3.0
605 ,   359 ,2024-11-09 14:07:03 ,12.0 , 1.0 ,14.0 ,  11.0 ,10.0 , 28.0 ,210.0 ,       , 7.0 ,    ,51.0 , 3.0
606 ,   359 ,2024-11-09 13:07:02 ,11.0 , 1.0 ,14.0 ,  32.0 ,32.0 , 45.0 ,201.0 ,       ,11.0 ,    ,48.0 , 3.0
607 ,   359 ,2024-11-09 12:07:03 ,11.0 , 1.0 ,13.0 ,  57.0 ,57.0 , 55.0 ,187.0 ,       ,14.0 ,    ,52.0 , 3.0
608 ,   359 ,2024-11-09 11:07:03 ,11.0 , 1.0 ,15.0 ,  55.0 ,53.0 , 69.0 ,190.0 ,1022.0 ,20.0 ,3.0 ,64.0 , 8.0
609 ,   359 ,2024-11-09 10:07:03 , 9.0 , 1.0 ,16.0 ,  34.0 ,31.0 , 58.0 ,195.0 ,       ,19.0 ,    ,70.0 ,11.0
610 ,   359 ,2024-11-09 09:07:02 ,10.0 , 1.0 ,13.0 ,   8.0 , 8.0 , 10.0 ,187.0 ,       , 2.0 ,    ,59.0 , 3.0
611 ,   359 ,2024-11-09 08:07:03 ,10.0 , 1.0 ,13.0 ,   8.0 , 8.0 , 13.0 ,175.0 ,       , 3.0 ,    ,58.0 , 3.0
612 ,   359 ,2024-11-09 07:07:03 , 9.0 , 1.0 ,12.0 ,   8.0 , 8.0 , 10.0 ,140.0 ,       , 2.0 ,    ,59.0 , 3.0
613 ,   359 ,2024-11-09 06:07:03 , 7.0 , 1.0 ,12.0 ,   8.0 , 8.0 , 10.0 , 84.0 ,       , 2.0 ,    ,62.0 , 3.0
614 ,   359 ,2024-11-09 05:07:03 , 6.0 , 1.0 ,12.0 ,   8.0 , 8.0 ,  8.0 , 37.0 ,       , 2.0 ,    ,62.0 , 3.0
615 ,   359 ,2024-11-09 04:07:03 , 6.0 , 1.0 ,12.0 ,   8.0 , 8.0 , 12.0 , 68.0 ,       , 3.0 ,    ,66.0 , 2.0
616 ,   359 ,2024-11-09 03:07:02 , 7.0 , 1.0 ,12.0 ,   9.0 , 9.0 , 13.0 , 70.0 ,       , 3.0 ,    ,66.0 , 2.0
617 ,   359 ,2024-11-09 02:07:02 ,10.0 , 1.0 ,12.0 ,   9.0 , 9.0 , 13.0 ,140.0 ,       , 3.0 ,    ,66.0 , 1.0
618 ,   359 ,2024-11-09 01:07:03 ,13.0 , 1.0 ,14.0 ,  10.0 , 9.0 , 22.0 ,260.0 ,1020.0 , 5.0 ,1.0 ,80.0 , 5.0
619 ,   359 ,2024-11-09 00:07:02 ,14.0 , 1.0 ,18.0 ,  10.0 , 9.0 , 25.0 ,300.0 ,1020.0 , 6.0 ,1.0 ,88.0 , 9.0
620 ,   359 ,2024-11-08 23:07:02 ,14.0 , 1.0 ,18.0 ,  10.0 , 9.0 , 25.0 ,300.0 ,1020.0 , 6.0 ,1.0 ,88.0 , 9.0
621 ,   359 ,2024-11-08 22:07:03 ,14.0 , 1.0 ,18.0 ,  10.0 , 9.0 , 25.0 ,300.0 ,1020.0 , 6.0 ,1.0 ,95.0 , 9.0
622 ,   359 ,2024-11-08 21:07:02 ,14.0 , 1.0 ,18.0 ,  10.0 , 9.0 , 25.0 ,300.0 ,1020.0 , 6.0 ,1.0 ,94.0 , 9.0
623 ,   359 ,2024-11-08 20:07:03 ,14.0 , 1.0 ,16.0 ,   8.0 , 8.0 , 20.0 ,292.0 ,       , 5.0 ,    ,83.0 , 6.0
624 ,   359 ,2024-11-08 19:07:03 ,15.0 , 1.0 ,13.0 ,   7.0 , 6.0 , 18.0 ,304.0 ,       , 4.0 ,    ,66.0 , 1.0
625 ,   359 ,2024-11-08 18:07:03 ,14.0 , 1.0 ,16.0 ,  12.0 ,10.0 , 30.0 ,221.0 ,1017.0 , 7.0 ,1.0 ,78.0 , 6.0
626 ,   359 ,2024-11-08 17:07:03 ,12.0 , 1.0 ,18.0 ,  15.0 ,14.0 , 38.0 ,200.0 ,1017.0 , 9.0 ,1.0 ,94.0 ,12.0
627 ,   359 ,2024-11-08 16:07:02 ,16.0 , 2.0 ,13.0 ,  13.0 ,12.0 , 33.0 ,292.0 ,       , 8.0 ,    ,63.0 , 1.0
628 ,   359 ,2024-11-08 15:07:02 ,16.0 , 1.0 ,14.0 ,   9.0 , 9.0 , 22.0 ,329.0 ,       , 5.0 ,    ,66.0 , 1.0
629 ,   359 ,2024-11-08 14:07:03 ,18.0 , 1.0 ,18.0 ,  10.0 , 8.0 , 21.0 ,386.0 ,1016.0 , 5.0 ,2.0 ,78.0 , 7.0
630 ,   359 ,2024-11-08 13:07:03 ,17.0 , 1.0 ,16.0 ,   9.0 , 9.0 , 19.0 ,376.0 ,       , 5.0 ,    ,69.0 , 3.0
631 ,   359 ,2024-11-08 12:07:02 ,16.0 , 1.0 ,15.0 ,  10.0 ,10.0 , 21.0 ,408.0 ,       , 5.0 ,    ,67.0 , 2.0
632 ,   359 ,2024-11-08 11:07:03 ,18.0 , 0.0 ,21.0 ,  14.0 ,12.0 , 32.0 ,402.0 ,1017.0 , 8.0 ,1.0 ,91.0 ,10.0
633 ,   359 ,2024-11-08 10:07:02 ,18.0 , 0.0 ,21.0 ,  14.0 ,12.0 , 33.0 ,400.0 ,1017.0 , 8.0 ,1.0 ,94.0 ,11.0
634 ,   359 ,2024-11-08 09:07:02 ,14.0 , 0.0 ,21.0 ,  19.0 ,17.0 , 48.0 ,310.0 ,1017.0 ,12.0 ,0.0 ,94.0 ,14.0
635 ,   359 ,2024-11-08 08:07:03 ,18.0 , 0.0 ,20.0 ,  34.0 ,31.0 , 68.0 ,300.0 ,1016.0 ,20.0 ,0.0 ,91.0 ,10.0
636 ,   359 ,2024-11-08 07:07:03 ,14.0 , 1.0 ,15.0 ,  11.0 ,10.0 , 19.0 ,219.0 ,       , 5.0 ,    ,69.0 , 2.0
637 ,   359 ,2024-11-08 06:07:02 ,12.0 , 1.0 ,14.0 ,   8.0 , 8.0 , 13.0 ,201.0 ,       , 3.0 ,    ,66.0 , 1.0
638 ,   359 ,2024-11-08 05:07:03 ,10.0 , 1.0 ,14.0 ,   7.0 , 7.0 , 13.0 ,159.0 ,       , 3.0 ,    ,66.0 , 1.0
639 ,   359 ,2024-11-08 04:07:03 , 8.0 , 1.0 ,14.0 ,   8.0 , 8.0 , 13.0 ,152.0 ,       , 3.0 ,    ,66.0 , 1.0
640 ,   359 ,2024-11-08 03:07:02 ,10.0 , 1.0 ,14.0 ,  10.0 ,10.0 , 17.0 ,175.0 ,       , 4.0 ,    ,70.0 , 1.0
641 ,   359 ,2024-11-08 02:07:03 ,12.0 , 1.0 ,14.0 ,  10.0 ,10.0 , 19.0 ,240.0 ,       , 4.0 ,    ,70.0 , 1.0
642 ,   359 ,2024-11-08 01:07:02 ,11.0 , 1.0 ,15.0 ,  12.0 ,12.0 , 15.0 ,257.0 ,       , 4.0 ,    ,66.0 , 1.0
643 ,   359 ,2024-11-08 00:07:03 ,12.0 , 0.0 ,21.0 ,  17.0 ,14.0 , 36.0 ,296.0 ,1016.0 , 9.0 ,1.0 ,81.0 ,15.0
644 ,   359 ,2024-11-07 23:07:02 ,12.0 , 0.0 ,21.0 ,  17.0 ,14.0 , 38.0 ,300.0 ,1016.0 , 9.0 ,1.0 ,87.0 ,17.0
645 ,   359 ,2024-11-07 22:07:02 ,12.0 , 0.0 ,20.0 ,  17.0 ,14.0 , 38.0 ,300.0 ,1016.0 , 9.0 ,1.0 ,92.0 ,17.0
646 ,   359 ,2024-11-07 21:07:03 ,14.0 , 0.0 ,22.0 ,  22.0 ,20.0 , 53.0 ,300.0 ,1016.0 ,13.0 ,1.0 ,78.0 ,16.0
647 ,   359 ,2024-11-07 20:07:03 , 8.0 , 1.0 ,14.0 ,  10.0 ,10.0 , 13.0 ,210.0 ,       , 3.0 ,    ,64.0 , 4.0
648 ,   359 ,2024-11-07 19:07:03 ,16.0 , 1.0 ,15.0 ,  16.0 ,16.0 , 33.0 ,513.0 ,       , 8.0 ,    ,62.0 , 1.0
649 ,   359 ,2024-11-07 18:07:02 ,16.0 , 1.0 ,14.0 ,  17.0 ,17.0 , 33.0 ,513.0 ,       , 8.0 ,    ,66.0 , 1.0
650 ,   359 ,2024-11-07 17:07:03 ,16.0 , 1.0 ,14.0 ,  17.0 ,17.0 , 33.0 ,513.0 ,       , 8.0 ,    ,65.0 , 1.0
651 ,   359 ,2024-11-07 16:07:02 ,17.0 , 1.0 ,18.0 ,  18.0 ,14.0 , 33.0 ,406.0 ,1016.0 , 8.0 ,2.0 ,75.0 ,10.0
652 ,   359 ,2024-11-07 15:07:03 ,16.0 , 1.0 ,16.0 ,  17.0 ,16.0 , 33.0 ,492.0 ,       , 8.0 ,    ,65.0 , 3.0
653 ,   359 ,2024-11-07 14:07:02 ,15.0 , 1.0 ,16.0 ,  17.0 ,17.0 , 33.0 ,513.0 ,       , 8.0 ,    ,59.0 , 1.0
654 ,   359 ,2024-11-07 13:07:03 ,15.0 , 1.0 ,15.0 ,  17.0 ,17.0 , 33.0 ,513.0 ,       , 8.0 ,    ,62.0 , 1.0
655 ,   359 ,2024-11-07 12:07:03 ,16.0 , 0.0 ,16.0 ,  17.0 ,17.0 , 38.0 ,513.0 ,       , 9.0 ,    ,64.0 , 1.0
656 ,   359 ,2024-11-07 11:07:03 ,13.0 , 1.0 ,16.0 ,  13.0 ,13.0 , 25.0 ,373.0 ,       , 6.0 ,    ,64.0 , 1.0
657 ,   359 ,2024-11-07 10:07:03 ,13.0 , 2.0 ,16.0 ,  16.0 ,16.0 , 34.0 ,420.0 ,       , 8.0 ,    ,59.0 , 0.0
658 ,   359 ,2024-11-07 09:07:03 ,15.0 , 1.0 ,15.0 ,  22.0 ,22.0 , 50.0 ,630.0 ,       ,12.0 ,    ,62.0 , 0.0
659 ,   359 ,2024-11-07 08:07:02 ,15.0 , 1.0 ,15.0 ,  23.0 ,23.0 , 50.0 ,607.0 ,       ,12.0 ,    ,63.0 , 0.0
660 ,   359 ,2024-11-07 07:07:03 ,15.0 , 1.0 ,15.0 ,  22.0 ,22.0 , 42.0 ,495.0 ,       ,10.0 ,    ,66.0 , 0.0
661 ,   359 ,2024-11-07 06:07:03 ,15.0 , 1.0 ,15.0 ,  20.0 ,20.0 , 40.0 ,462.0 ,       ,10.0 ,    ,66.0 , 0.0
662 ,   359 ,2024-11-07 05:07:03 ,15.0 , 1.0 ,15.0 ,  19.0 ,19.0 , 38.0 ,401.0 ,       , 9.0 ,    ,70.0 , 0.0
663 ,   359 ,2024-11-07 04:07:03 ,15.0 , 1.0 ,15.0 ,  17.0 ,17.0 , 41.0 ,329.0 ,       ,10.0 ,    ,66.0 , 5.0
664 ,   359 ,2024-11-07 03:07:02 ,15.0 , 1.0 ,14.0 ,  17.0 ,17.0 , 38.0 ,355.0 ,       , 9.0 ,    ,65.0 , 5.0
665 ,   359 ,2024-11-07 02:07:02 ,15.0 , 1.0 ,14.0 ,  17.0 ,17.0 , 33.0 ,397.0 ,       , 8.0 ,    ,65.0 , 5.0
666 ,   359 ,2024-11-07 01:07:02 ,14.0 , 1.0 ,14.0 ,  15.0 ,15.0 , 35.0 ,420.0 ,       , 8.0 ,    ,64.0 , 5.0
667 ,   359 ,2024-11-07 00:07:02 ,15.0 , 1.0 ,15.0 ,  15.0 ,15.0 , 38.0 ,429.0 ,       , 9.0 ,    ,66.0 , 5.0
668 ,   359 ,2024-11-06 23:07:02 ,16.0 , 0.0 ,15.0 ,  12.0 ,12.0 , 32.0 ,420.0 ,       , 8.0 ,    ,66.0 , 5.0
669 ,   359 ,2024-11-06 22:07:03 ,17.0 , 1.0 ,15.0 ,   9.0 , 9.0 , 21.0 ,418.0 ,       , 5.0 ,    ,64.0 , 5.0
670 ,   359 ,2024-11-06 21:07:02 ,17.0 , 1.0 ,15.0 ,   8.0 , 8.0 , 21.0 ,420.0 ,       , 5.0 ,    ,66.0 , 5.0
671 ,   359 ,2024-11-06 20:07:02 ,17.0 , 1.0 ,15.0 ,   8.0 , 6.0 , 21.0 ,420.0 ,       , 5.0 ,    ,66.0 , 5.0
672 ,   359 ,2024-11-06 19:07:02 ,20.0 , 1.0 ,15.0 ,  16.0 ,15.0 , 40.0 ,462.0 ,       ,10.0 ,    ,66.0 , 5.0
673 ,   359 ,2024-11-06 18:07:03 ,22.0 , 1.0 ,15.0 ,  20.0 ,17.0 , 49.0 ,425.0 ,       ,12.0 ,    ,66.0 , 5.0
674 ,   359 ,2024-11-06 17:07:03 ,23.0 , 1.0 ,16.0 ,  20.0 ,16.0 , 49.0 ,378.0 ,       ,12.0 ,    ,58.0 , 5.0
675 ,   359 ,2024-11-06 16:07:03 ,20.0 , 1.0 ,17.0 ,  15.0 ,13.0 , 35.0 ,350.0 ,       , 8.0 ,    ,57.0 , 5.0
676 ,   359 ,2024-11-06 15:07:03 ,19.0 , 1.0 ,19.0 ,  12.0 ,12.0 , 25.0 ,397.0 ,       , 6.0 ,    ,41.0 , 5.0
677 ,   359 ,2024-11-06 14:07:03 ,18.0 , 1.0 ,19.0 ,  10.0 ,10.0 , 13.0 ,373.0 ,       , 3.0 ,    ,43.0 , 5.0
678 ,   359 ,2024-11-06 13:07:03 ,15.0 , 1.0 ,19.0 ,   9.0 , 9.0 , 15.0 ,350.0 ,       , 4.0 ,    ,45.0 , 4.0
679 ,   359 ,2024-11-06 12:07:03 ,16.0 , 1.0 ,18.0 ,   9.0 , 9.0 , 13.0 ,350.0 ,       , 3.0 ,    ,48.0 , 3.0
680 ,   359 ,2024-11-06 11:07:02 ,12.0 , 1.0 ,17.0 ,  14.0 ,14.0 , 21.0 ,350.0 ,       , 5.0 ,    ,50.0 , 3.0
681 ,   359 ,2024-11-06 10:07:02 ,11.0 , 1.0 ,17.0 ,  14.0 ,14.0 , 13.0 ,341.0 ,       , 2.0 ,    ,54.0 , 2.0
682 ,   359 ,2024-11-06 09:07:03 ,10.0 , 1.0 ,17.0 ,  15.0 ,15.0 , 14.0 ,327.0 ,       , 2.0 ,    ,54.0 , 1.0
683 ,   359 ,2024-11-06 08:07:03 ,10.0 , 1.0 ,15.0 ,  12.0 ,12.0 , 17.0 ,317.0 ,       , 4.0 ,    ,60.0 , 0.0
684 ,   359 ,2024-11-06 07:07:03 ,10.0 , 1.0 ,15.0 ,  10.0 ,10.0 , 13.0 ,256.0 ,       , 3.0 ,    ,64.0 , 0.0
685 ,   359 ,2024-11-06 06:07:03 ,10.0 , 1.0 ,15.0 ,  12.0 ,12.0 , 19.0 ,187.0 ,       , 4.0 ,    ,66.0 , 0.0
686 ,   359 ,2024-11-06 05:07:02 ,12.0 , 1.0 ,14.0 ,  12.0 ,12.0 , 23.0 ,198.0 ,       , 6.0 ,    ,65.0 , 0.0
687 ,   359 ,2024-11-06 04:07:02 ,13.0 , 1.0 ,14.0 ,  13.0 ,13.0 , 23.0 ,229.0 ,       , 6.0 ,    ,65.0 , 0.0
688 ,   359 ,2024-11-06 03:07:03 ,13.0 , 0.0 ,15.0 ,  12.0 ,12.0 , 21.0 ,245.0 ,       , 5.0 ,    ,66.0 , 0.0
689 ,   359 ,2024-11-06 02:07:02 ,15.0 , 0.0 ,15.0 ,  19.0 ,15.0 , 41.0 ,325.0 ,       ,10.0 ,    ,66.0 , 0.0
690 ,   359 ,2024-11-06 01:07:03 ,18.0 , 0.0 ,21.0 ,  23.0 ,21.0 , 55.0 ,300.0 ,1023.0 ,14.0 ,0.0 ,94.0 , 7.0
691 ,   359 ,2024-11-06 00:07:03 ,19.0 , 0.0 ,15.0 ,  20.0 ,20.0 , 45.0 ,460.0 ,       ,11.0 ,    ,66.0 , 1.0
692 ,   359 ,2024-11-05 23:07:03 ,28.0 , 0.0 ,21.0 ,  30.0 ,27.0 , 64.0 ,679.0 ,1024.0 ,18.0 ,0.0 ,86.0 , 4.0
693 ,   359 ,2024-11-05 22:07:03 ,30.0 , 0.0 ,21.0 ,  34.0 ,32.0 , 70.0 ,600.0 ,1023.0 ,21.0 ,0.0 ,90.0 , 6.0
694 ,   359 ,2024-11-05 21:07:03 ,30.0 , 0.0 ,22.0 ,  38.0 ,35.0 , 74.0 ,500.0 ,1023.0 ,23.0 ,0.0 ,88.0 , 7.0
695 ,   359 ,2024-11-05 20:07:02 ,21.0 , 1.0 ,16.0 ,  21.0 ,16.0 , 50.0 ,458.0 ,       ,13.0 ,    ,69.0 , 3.0
696 ,   359 ,2024-11-05 19:07:03 ,22.0 , 1.0 ,15.0 ,  20.0 ,18.0 , 46.0 ,455.0 ,       ,11.0 ,    ,64.0 , 4.0
697 ,   359 ,2024-11-05 18:07:02 ,22.0 , 1.0 ,15.0 ,  20.0 ,20.0 , 37.0 ,432.0 ,       , 9.0 ,    ,66.0 , 3.0
698 ,   359 ,2024-11-05 17:07:02 ,17.0 , 1.0 ,20.0 ,  26.0 ,25.0 , 50.0 ,286.0 ,1020.0 ,14.0 ,1.0 ,76.0 ,13.0
699 ,   359 ,2024-11-05 16:07:02 ,20.0 , 0.0 ,22.0 ,  31.0 ,28.0 , 66.0 ,290.0 ,1020.0 ,19.0 ,1.0 ,82.0 ,24.0
700 ,   359 ,2024-11-05 15:07:03 ,17.0 , 1.0 ,16.0 ,  18.0 ,17.0 , 24.0 ,345.0 ,       , 6.0 ,    ,60.0 , 8.0
701 ,   359 ,2024-11-05 14:07:02 ,16.0 , 1.0 ,16.0 ,  16.0 ,16.0 , 24.0 ,327.0 ,       , 6.0 ,    ,56.0 , 3.0
702 ,   359 ,2024-11-05 13:07:02 ,18.0 , 1.0 ,15.0 ,  23.0 ,23.0 , 42.0 ,350.0 ,       ,10.0 ,    ,62.0 , 3.0
703 ,   359 ,2024-11-05 12:07:02 ,16.0 , 1.0 ,16.0 ,  20.0 ,20.0 , 29.0 ,350.0 ,       , 7.0 ,    ,55.0 , 2.0
704 ,   359 ,2024-11-05 11:07:03 ,11.0 , 1.0 ,16.0 ,  18.0 ,18.0 , 28.0 ,296.0 ,       , 7.0 ,    ,52.0 , 4.0
705 ,   359 ,2024-11-05 10:07:03 ,10.0 , 2.0 ,16.0 ,  16.0 ,16.0 , 34.0 ,309.0 ,       , 8.0 ,    ,55.0 , 4.0
706 ,   359 ,2024-11-05 09:07:03 , 8.0 , 2.0 ,15.0 ,  16.0 ,15.0 , 35.0 ,273.0 ,       , 8.0 ,    ,62.0 , 2.0
707 ,   359 ,2024-11-05 08:07:03 ,11.0 , 1.0 ,14.0 ,  17.0 ,17.0 , 23.0 ,364.0 ,       , 6.0 ,    ,65.0 , 2.0
708 ,   359 ,2024-11-05 07:07:02 ,18.0 , 0.0 ,13.0 ,  11.0 ,11.0 , 17.0 ,583.0 ,       , 4.0 ,    ,63.0 , 0.0
709 ,   359 ,2024-11-05 06:07:03 ,17.0 , 0.0 ,14.0 ,  13.0 ,10.0 , 33.0 ,397.0 ,       , 8.0 ,    ,62.0 , 0.0
710 ,   359 ,2024-11-05 05:07:02 ,17.0 , 0.0 ,14.0 ,  13.0 ,10.0 , 33.0 ,397.0 ,       , 8.0 ,    ,62.0 , 0.0
711 ,   359 ,2024-11-05 04:07:03 ,17.0 , 0.0 ,14.0 ,  12.0 , 9.0 , 29.0 ,397.0 ,       , 7.0 ,    ,66.0 , 0.0
712 ,   359 ,2024-11-05 03:07:03 ,17.0 , 0.0 ,14.0 ,  12.0 , 9.0 , 29.0 ,397.0 ,       , 7.0 ,    ,66.0 , 0.0
713 ,   359 ,2024-11-05 02:07:03 ,17.0 , 0.0 ,14.0 ,  12.0 , 9.0 , 29.0 ,397.0 ,       , 7.0 ,    ,66.0 , 0.0
714 ,   359 ,2024-11-05 01:07:03 ,14.0 , 1.0 ,14.0 ,   9.0 , 9.0 , 17.0 ,350.0 ,       , 4.0 ,    ,62.0 , 0.0
715 ,   359 ,2024-11-05 00:07:03 ,14.0 , 1.0 ,14.0 ,   9.0 , 9.0 , 17.0 ,350.0 ,       , 4.0 ,    ,62.0 , 0.0
716 ,   359 ,2024-11-04 23:07:03 ,14.0 , 1.0 ,14.0 ,   9.0 , 9.0 , 17.0 ,350.0 ,       , 4.0 ,    ,62.0 , 0.0
717 ,   359 ,2024-11-04 22:07:02 ,14.0 , 1.0 ,13.0 ,   9.0 , 9.0 , 17.0 ,350.0 ,       , 4.0 ,    ,68.0 , 0.0
718 ,   359 ,2024-11-04 21:07:03 ,14.0 , 1.0 ,14.0 ,   9.0 , 9.0 , 17.0 ,350.0 ,       , 4.0 ,    ,63.0 , 0.0
719 ,   359 ,2024-11-04 20:07:03 ,19.0 , 1.0 ,17.0 ,   8.0 , 7.0 , 17.0 ,455.0 ,1023.0 , 4.0 ,0.0 ,66.0 , 4.0
720 ,   359 ,2024-11-04 19:07:02 ,24.0 , 0.0 ,19.0 ,  17.0 ,15.0 , 38.0 ,500.0 ,1022.0 ,10.0 ,0.0 ,97.0 , 7.0
721 ,   359 ,2024-11-04 18:07:03 ,22.0 , 1.0 ,17.0 ,  20.0 ,18.0 , 42.0 ,459.0 ,       ,11.0 ,    ,85.0 , 5.0
722 ,   359 ,2024-11-04 17:07:03 ,13.0 , 1.0 ,14.0 ,  10.0 ,10.0 , 17.0 ,357.0 ,       , 4.0 ,    ,66.0 , 1.0
723 ,   359 ,2024-11-13 16:32:02 ,     ,     ,     ,       ,     ,      ,      ,1020.0 ,     ,3.0 ,     ,  
724 ,   359 ,2024-11-13 08:47:02 ,     ,     ,     ,       ,     ,      ,      ,1018.0 ,     ,2.0 ,     ,  
725 ,   359 ,2024-11-12 14:32:02 ,     ,     ,     ,       ,     ,      ,      ,1017.0 ,     ,6.0 ,     ,  
726 ,   359 ,2024-11-12 07:37:03 ,     ,     ,     ,       ,     ,      ,      ,1018.0 ,     ,0.0 ,     ,  
727 ,   359 ,2024-11-11 20:37:03 ,     ,     ,     ,       ,     ,      ,      ,1019.0 ,     ,1.0 ,     ,  
728 ,   359 ,2024-11-10 16:57:02 ,     ,     ,     ,       ,     ,      ,      ,1021.0 ,     ,4.0 ,     ,  
729 ,   359 ,2024-11-10 13:57:02 ,     ,     ,     ,       ,     ,      ,      ,1022.0 ,     ,3.0 ,     ,  
730 ,   359 ,2024-11-09 22:57:03 ,     ,     ,     ,       ,     ,      ,      ,1025.0 ,     ,3.0 ,     ,  
731 ,   359 ,2024-11-09 10:27:03 ,     ,     ,     ,       ,     ,      ,      ,1022.0 ,     ,3.0 ,     ,  
732 ,   359 ,2024-11-08 20:27:03 ,     ,     ,     ,       ,     ,      ,      ,1020.0 ,     ,1.0 ,     ,  
733 ,   359 ,2024-11-08 13:57:02 ,     ,     ,     ,       ,     ,      ,      ,1016.0 ,     ,2.0 ,     ,  
734 ,   359 ,2024-11-08 07:57:02 ,     ,     ,     ,       ,     ,      ,      ,1016.0 ,     ,0.0 ,     ,  
735 ,   359 ,2024-11-07 15:57:02 ,     ,     ,     ,       ,     ,      ,      ,1016.0 ,     ,2.0 ,     ,  
736 ,   359 ,2024-11-06 00:57:03 ,     ,     ,     ,       ,     ,      ,      ,1023.0 ,     ,0.0 ,     ,  
737 ,   359 ,2024-11-05 20:57:03 ,     ,     ,     ,       ,     ,      ,      ,1023.0 ,     ,0.0 ,     ,  
738 ,   359 ,2024-11-05 15:57:02 ,     ,     ,     ,       ,     ,      ,      ,1020.0 ,     ,1.0 ,     ,  
739 ,   359 ,2024-11-04 18:27:02 ,     ,     ,     ,       ,     ,      ,      ,1022.0 ,     ,0.0 ,     ,  
